1	46073489	G	41	AAAAGGaGGAAaaAGaGGgGGAaAGgAAaAaGggaaGaAga	ABBACCDCCHHDDHCECCGCC=EFBGHHEGDBGGECB<E>B	A	24	G	17	49,49,49,52,54,54,60,60,60,60,60,60,60,60,60,60,60,60,60,60,60,60,60,60	60,60,60,60,60,60,60,60,60,60,60,60,60,60,60,60,60	0.02965
1	89599037	A	120	AAAAAaaaaaaaaAaaaaaaaaaaaAAAaaAaaaAAaaaaaaaAAaaaaaAAaAaaAaaaaAGAaaGGGgaaaaaaAaaaaGaAAaaaaagAaaaaaaAaaggAAaaAaaAaaaaAaAAa	<@@CCCEDEEDEEEEEEEBEEDEEED=@EDFEEEFFEEA5EEEFEEEEDEFFEFEEC?F?AEFFFFGGGEF=FFEFFEEEFGEBEEE;BFDDFBFFFDEFFHHEEFFEFFEFEEF=FDB?	A	111	G	9	60,60,60,60,60,60,60,60,60,60,60,60,60,60,60,60,60,60,60,60,60,60,60,60,60,60,60,60,60,60,60,60,60,60,60,60,60,60,60,60,60,60,60,60,60,60,60,60,60,60,60,60,60,60,60,60,60,60,60,60,60,60,60,60,60,60,60,60,60,60,60,60,60,60,60,60,60,60,60,60,60,60,60,60,60,60,60,60,60,60,60,60,60,60,60,60,60,60,60,60,60,60,60,60,60,60,60,60,60,60,60	40,40,40,60,60,60,60,60,60	0.00000
1	89652072	C	58	cCCCCctcCCCCTtCcttCtccctCccTCCCccCCCCCCCccccccccCCCCcccCcc	BAFGGDEBGG=G?E5DEEDEADDEBDDGGGFDE@FGGEGGEEEEEEEEDFFFEEDD?B	C	50	T	8	60,60,60,60,60,60,60,60,60,60,60,60,60,60,60,60,60,60,60,60,60,60,60,60,60,60,60,60,60,60,60,60,60,60,60,60,60,60,60,60,60,60,60,60,60,60,60,60,60,60	41,60,60,60,60,60,60,60	0.01429
1	89652078	A	57	AAAataAAAATtattAtaaatAaaTAAaaAAAAAAAaaaaaaaaAAAAaaaAaaaaa	@BADE6EFFFAEEEE:EEEEEBA?GFFEE@DF@DEFE?FF;FFA=EEEFD@EEF:?@	A	49	T	8	60,60,60,60,60,60,60,60,60,60,60,60,60,60,60,60,60,60,60,60,60,60,60,60,60,60,60,60,60,60,60,60,60,60,60,60,60,60,60,60,60,60,60,60,60,60,60,60,60	41,60,60,60,60,60,60,60	0.01534
1	111826023	C	54	ggccgggggcCgcgCGggCgcCggcccccgCccccCgcgcgccGcgcCggCgcg	>BCDBCFEFD:FEFD=FFDCF>FFFCFFFFDFFFEDGGGGGGGBGGGCF?CG;B	C	29	G	25	27,27,27,27,27,27,27,27,27,40,40,40,40,40,40,40,40,40,40,40,40,40,40,40,40,50,50,50,50	27,27,33,40,40,40,40,40,40,40,40,40,40,40,40,44,49,49,49,49,49,49,49,50,50	0.03416
1	160098543	G	212	GAGAAAGGAGAGGAaaaGAAAGaAAGGAGAGGAaGGGGagAGGAgGAaaAgAggaggaAAAAAAGGaAGAgagAGaGgggagaAGGGagAGAAGAgGAAGgGgaggGgAAAGAGGGGGGgAaaaaaaAGAaAggGAGAAgaGGAagaaaggaGAgAGAGAGGGAGAaGggAAAAAAaaggGAAAaagaAaagGAAGgGGGGAAAaGGGgaga	;B?HG?CCHCACCHFFF@GHHCEHEC>H?HCCDFCCCCFCH@CGCAHGFBCHCBGBDGHHH@EH@CGBCHDGDHCBCDCCGDFHCCCGACAHHCGDCHGBDCDFDDBDGG;BFCAAABBDCFFGGGGG@GGGDABGBFGDG:AFHEGHGDDHBGAGBFBG@BBGBGGBADGGGGGGGGDDBGGCBGDGFGGDAGG@@>@@>>BB????ADAC	A	110	G	102	27,33,40,40,40,40,40,40,40,40,40,40,40,40,40,40,40,40,40,40,40,40,40,40,40,40,40,40,40,40,40,40,40,40,40,40,40,40,40,40,40,40,40,40,40,40,40,42,44,49,49,49,49,49,49,51,51,52,52,54,54,54,54,60,60,60,60,60,60,60,60,60,60,60,60,60,60,60,60,60,60,60,60,60,60,60,60,60,60,60,60,60,60,60,60,60,60,60,60,60,60,60,60,60,60,60,60,60,60,60	49,50,50,50,50,50,50,50,50,50,50,50,50,50,50,50,50,50,50,50,50,50,50,50,50,52,52,52,54,55,60,60,60,60,60,60,60,60,60,60,60,60,60,60,60,60,60,60,60,60,60,60,60,60,60,60,60,60,60,60,60,60,60,60,60,60,60,60,60,60,60,60,60,60,60,60,60,60,60,60,60,60,60,60,60,60,60,60,60,60,60,60,60,60,60,60,60,60,60,60,60,60	0.00000
1	160136350	G	82	gGAAGAAAGAGGAGGAAAAAAAGGGGAaGGGAAAAAAAAAgAGGGAGGAGAGGGGgGAAAGAGAGAGGaGGAGAGAGAGGGG	C7BDCBCHCHCCHCCHHGHHHFB5CCHECCCGFHHGGGGGFEBBBGBBGBGBBBBFBGGFBGAGBFB7FBBE:EACAC???C	G	42	A	40	52,52,52,52,52,52,60,60,60,60,60,60,60,60,60,60,60,60,60,60,60,60,60,60,60,60,60,60,60,60,60,60,60,60,60,60,60,60,60,60,60,60	21,27,27,33,33,39,40,40,40,40,40,40,40,40,42,47,47,47,47,47,47,49,49,52,60,60,60,60,60,60,60,60,60,60,60,60,60,60,60,60	0.00000
1	160851826	A	68	aTATaATTTaaaTtAAataAaTaAaTaTtaaatAAttaAaatTaAtatttTTttaattatatTTAaaA	C>ABDDEEFED@FDEFEAEFEFBFFFDFFDFEFDFFEFEFFFFEFFFF<FEFEEFFFFFFFFEDDEEC	A	37	T	31	60,60,60,60,60,60,60,60,60,60,60,60,60,60,60,60,60,60,60,60,60,60,60,60,60,60,60,60,60,60,60,60,60,60,60,60,60	33,33,39,39,40,40,40,40,45,48,49,49,49,49,49,57,60,60,60,60,60,60,60,60,60,60,60,60,60,60,60	0.00000
1	160920809	A	71	gagGAaAgGGGaGgGGgaAGGGGgAAgaaGGGGGGAGGGGGaAaggAGgaGGGaagAaGaAgggGAAaGAG	FDDCCDHFCC@ECGCCGEHBCCCEHHEDDCCACCCG=BCB:ECEGGG?F@BBBEEGBEBEGGGGAFGD@D>	G	44	A	27	40,40,40,44,48,49,49,49,49,49,49,49,49,49,51,51,54,57,59,59,59,60,60,60,60,60,60,60,60,60,60,60,60,60,60,60,60,60,60,60,60,60,60,60	60,60,60,60,60,60,60,60,60,60,60,60,60,60,60,60,60,60,60,60,60,60,60,60,60,60,60	0.00003
1	172718106	A	28	GaGgaAgagAAAagAgaAgaGGgaAGgg	CDGFFFFG;@FFEFFGGEGGFEGGEEFB	A	14	G	14	60,60,60,60,60,60,60,60,60,60,60,60,60,60	49,49,49,54,60,60,60,60,60,60,60,60,60,60	0.03764
1	175087884	C	90	tCCCCCtcCtcttCTTTTtCtcTtCCTtTCCcCCCttcTCCCcctCCCTTCTTcTCcCCcTTcTccCtCcTTCcTTCTcttctTCcCCCc	??>?F?GFGEGGDGFFFBFFGG;GFGFE;FFHFGEHHH5GGEHHGFCFFFFEEHAFHEEHEDH;H;FHFHEEFHE??D<FHFG7CDBBBC	C	52	T	38	60,60,60,60,60,60,60,60,60,60,60,60,60,60,60,60,60,60,60,60,60,60,60,60,60,60,60,60,60,60,60,60,60,60,60,60,60,60,60,60,60,60,60,60,60,60,60,60,60,60,60,60	40,40,40,40,40,40,44,44,46,46,49,49,49,49,49,49,49,49,49,49,51,51,51,51,53,58,59,60,60,60,60,60,60,60,60,60,60,60	0.00000
1	175087885	A	94	AAAAgaAgaggAGGGGgAgGaGgAAAGgGAgAaAAAggaGGAAAaagAAAGGAGGaGAaAAaGGgaGaAgAaGGAaGGAGaggagAGAaAAAaa	@;GAFEHFFF@HHHHFFHFDFGF=HFGFHHEHGHHGGGGCHHH>GGGHDGGHHCHGGHGFGGGGDECEGFGGGGGC?CGGGGGGG@GGEDEDBB	A	53	G	41	60,60,60,60,60,60,60,60,60,60,60,60,60,60,60,60,60,60,60,60,60,60,60,60,60,60,60,60,60,60,60,60,60,60,60,60,60,60,60,60,60,60,60,60,60,60,60,60,60,60,60,60,60	40,40,40,40,40,40,40,40,44,44,46,46,49,49,49,49,49,49,49,49,49,49,49,49,51,51,51,51,53,58,59,60,60,60,60,60,60,60,60,60,60	0.00000
1	248167067	C	151	cCGCcgCgCggCCCCgCcCCCGCgGCgcgGggcgCGccCCCCgCGgCCCgCcccccccCCcCCCCCCCccccccCgCcgcCCcCccgcgCGGgcGcGCGCGGcGcGCCCccccCCGcccGggggccCCGccCCccgcgcgCCCGGcGcCcc	C@?D5CFG<FFEF;FFEFGGFDGFAFFFFCFFF=FEFFGFEGEGDFGGEF7FFFFFEG@GGGFFEEGFGCGEGGFGGGFGGFGGFFGGGGDEGGEGAFEFCDGDGDFEEGGGFEDDGGGDGGGGFFEECGGFFGFGGFEFCDCBAA@AB@?	C	104	G	47	21,25,25,25,25,27,27,27,27,27,27,27,27,27,27,27,27,27,28,36,37,37,38,38,38,38,38,38,38,38,38,38,38,40,52,52,55,60,60,60,60,60,60,60,60,60,60,60,60,60,60,60,60,60,60,60,60,60,60,60,60,60,60,60,60,60,60,60,60,60,60,60,60,60,60,60,60,60,60,60,60,60,60,60,60,60,60,60,60,60,60,60,60,60,60,60,60,60,60,60,60,60,60,60	21,27,27,33,39,40,40,40,40,40,40,40,40,40,40,40,40,40,40,40,40,40,40,40,40,40,40,40,40,40,40,46,46,46,51,57,57,57,59,59,60,60,60,60,60,60,60	0.00337
1	248167072	T	153	TgTggTTTgTtTTTGTgTgtgGggtgTGttTTTTgTGgTTTgTtttttttTTtTTTTTTTttttttTgTtgtTTtTttgtgTGGgtGtGTGTGGtGtGTTTttttTTGtttGggggtttTTGttTTttgtgtgTTTGGtGtTttTgtTggtgt	BC>BB???C@ECDEGCFEFEEHFFED>HEEEEDEEEHFEEFFBEEEEEEEEEFEEEEEEEEFEFFFDGEFGEEEEEFEFFFEHHGFHFHCGCHGDHFGDDDFFEEDDGBFFGFFEG<FDDDG?FDDFFEFGFFCDCFFBFDDDEDBCC@>CDA	T	105	G	48	21,25,25,25,25,27,27,27,27,27,27,27,27,27,27,27,27,28,36,37,37,38,38,38,38,38,38,38,38,38,38,38,40,52,55,60,60,60,60,60,60,60,60,60,60,60,60,60,60,60,60,60,60,60,60,60,60,60,60,60,60,60,60,60,60,60,60,60,60,60,60,60,60,60,60,60,60,60,60,60,60,60,60,60,60,60,60,60,60,60,60,60,60,60,60,60,60,60,60,60,60,60,60,60,60	21,27,27,33,39,40,40,40,40,40,40,40,40,40,40,40,40,40,40,40,40,40,40,40,40,40,40,40,46,46,46,51,57,57,57,59,59,60,60,60,60,60,60,60,60,60,60,60	0.00781
1	248167186	A	100	AaaaaaaaAAaaaaaaaAaaaAAaaaaaAaAaaAAagAaaaAaAAaaaagaAaagaaaaaAaaAaaAaaaaaAaaaaaagaAgAAaaaagAAaaAAaAaa	=BBABEEDEEDEEEEDEEEEE@DEEEEDEEEBDDEEEDEEEEEEEADEFEEDEEFF?EFFDFBEFFEEFE>FDEEFAFFFFDEDDFFFBFDDFDDDFDEB	A	94	G	6	60,60,60,60,60,60,60,60,60,60,60,60,60,60,60,60,60,60,60,60,60,60,60,60,60,60,60,60,60,60,60,60,60,60,60,60,60,60,60,60,60,60,60,60,60,60,60,60,60,60,60,60,60,60,60,60,60,60,60,60,60,60,60,60,60,60,60,60,60,60,60,60,60,60,60,60,60,60,60,60,60,60,60,60,60,60,60,60,60,60,60,60,60,60	21,25,25,25,25,25	0.00000
1	248167268	C	42	tTTcCccTcCTTTCtCTcCcCtCCtCCccctCcCcccCcttc	CA;DGDDAAGCGGGFGEEGEEFFGFGFDDFFFDFEEEFEFFC	C	28	T	14	27,27,48,48,50,50,50,50,50,50,50,50,50,50,50,50,50,50,60,60,60,60,60,60,60,60,60,60	20,27,27,40,40,40,40,45,47,49,57,60,60,60	0.01237
1	248224216	C	217	TCCTctCcTCCCTTcTCTCCtTcTcCCCCCTTTccTcTcTTTTCTCCcCTCTcCCCCTTTcCcCTCTcCcTCTTTTcCTTTCCCCTcTttCTTTCTCtCtCcTtCttcCtTTCTtCCTcTccCCCCTccCTCTCCtCCTccTTctTTtcccCCttcTCtTTCCTTTcCTTCtcttCTTtTCTtCTCcTCcTTCCTTCccTcttCctcTCcCCCcTCC	D>==EEDFGDDDGFFGDGDDEGFHFDEDDEEHEEFGFGFGGGGDGDDFDFDG?DDDDGGFGAFDGDGGDGGDGGGGGDGGGDDDDGFGEF?GGGDBDFCFDGGFCFFGDFFGCGFCCFGFGGCCCCFGGCFCFCCFCCFGGFFGFFFG8GGCCFFGFCFFFCCFFFGCFFC@GFFCFFFFCFFCFCGFCBEECBEECEGFFFDCDBCCAB@@ABAA?	C	117	T	100	48,50,50,50,50,51,53,55,60,60,60,60,60,60,60,60,60,60,60,60,60,60,60,60,60,60,60,60,60,60,60,60,60,60,60,60,60,60,60,60,60,60,60,60,60,60,60,60,60,60,60,60,60,60,60,60,60,60,60,60,60,60,60,60,60,60,60,60,60,60,60,60,60,60,60,60,60,60,60,60,60,60,60,60,60,60,60,60,60,60,60,60,60,60,60,60,60,60,60,60,60,60,60,60,60,60,60,60,60,60,60,60,60,60,60,60,60	23,27,27,27,27,27,27,27,27,33,33,37,37,39,45,45,45,49,49,49,49,49,49,49,49,49,50,54,57,57,57,60,60,60,60,60,60,60,60,60,60,60,60,60,60,60,60,60,60,60,60,60,60,60,60,60,60,60,60,60,60,60,60,60,60,60,60,60,60,60,60,60,60,60,60,60,60,60,60,60,60,60,60,60,60,60,60,60,60,60,60,60,60,60,60,60,60,60,60,60	0.00000
2	65432952	T	32	ttttCtttCTttTCTCCcCCtCcCCTtTctcc	BEFGGGGGGEGHEGEGGCGFHFCFDDGDCHCC	T	17	C	15	40,40,40,40,40,40,40,51,52,60,60,60,60,60,60,60,60	40,52,60,60,60,60,60,60,60,60,60,60,60,60,60	0.01798
2	75116527	G	136	AaAgaAggAaAGgGgGgGAGaaAAgggAgAaggggagGAgaGAaGGAgGAgGgggGgGGAGGAGGGAAgAGAGAGAGGgGAGaAggAAGaAGGAGGAgaAGGAGgaaagaaAagGGagAgGaGGggAGaggGgAAG	<C;AEECBBFFGCGCFCGFFFFFECCCA8FCCCCCFCGFDGFFFGGF7GEDGDDDFD?GFGGFGGGFEDEGFGFGFFGDGEGGEDCEEFGEFFDFFBDHEFFEFDGGGDGGEEDFF6DEDFGEE>DDFFBBEAAC?	G	79	A	57	56,60,60,60,60,60,60,60,60,60,60,60,60,60,60,60,60,60,60,60,60,60,60,60,60,60,60,60,60,60,60,60,60,60,60,60,60,60,60,60,60,60,60,60,60,60,60,60,60,60,60,60,60,60,60,60,60,60,60,60,60,60,60,60,60,60,60,60,60,60,60,60,60,60,60,60,60,60,60	39,39,40,40,44,47,47,47,47,47,47,47,48,49,49,49,49,49,49,49,49,49,49,49,49,49,49,49,49,49,49,51,54,60,60,60,60,60,60,60,60,60,60,60,60,60,60,60,60,60,60,60,60,60,60,60,60	0.00000
2	101186088	C	38	TCCCTCTCTTCTTTCCCCCTTCCTTTCCCTTTCCTCTT	DHGGE5DGEEGDEDGFF=FDADFDDDFFFD;CEGCBBC	C	19	T	19	60,60,60,60,60,60,60,60,60,60,60,60,60,60,60,60,60,60,60	40,42,47,47,47,47,47,47,47,47,47,47,47,47,52,52,60,60,60	0.00000
2	166245230	T	80	TTTTttTTataTtATttaTTtatTAaaatTTtaaTaaatatAAATAAtaAaTAtatAATAAATaaATaaaATAATTAtAT	BA=?AB?@ADDEEFFEECFF<EEFFEBFEFFEEEBFEFEFFA@FEFFEFFFBEFEFEDFEEBEFF>EFFFEEDEEFB?C?	A	41	T	39	40,40,40,40,40,40,40,40,40,40,40,40,40,42,42,42,45,45,45,46,47,47,47,47,49,50,60,60,60,60,60,60,60,60,60,60,60,60,60,60,60	40,40,40,40,40,43,45,47,50,50,50,50,50,50,52,53,60,60,60,60,60,60,60,60,60,60,60,60,60,60,60,60,60,60,60,60,60,60,60	0.00698
2	208989037	A	96	AGAAgGAGAGAAAAAGAAAGGGGGGGAGAGGAgAGGgGAAAgaAGgaGaaagAGGggAgaAAGgAgggAagAaGaAGAagaGaagAgAgGagGGAg	@@@DGBHCHCFHAHCCHFGBCCCCCCHCHBCGGECCGCHHGGGGBGDBGGGGG=BGGGDGGGBFGGGGEGEGGBGGBGEDG>GGFFGGGACB?=BA	G	49	A	47	21,21,21,21,27,27,27,27,27,27,27,27,27,27,27,40,40,40,40,40,40,40,40,40,47,49,49,49,49,49,49,49,49,49,49,49,49,51,51,54,57,60,60,60,60,60,60,60,60	52,52,55,60,60,60,60,60,60,60,60,60,60,60,60,60,60,60,60,60,60,60,60,60,60,60,60,60,60,60,60,60,60,60,60,60,60,60,60,60,60,60,60,60,60,60,60	0.00000
2	219000310	C	126	TtttcCcccTtctTTcttCCttcctttCCcCCTCTctttcttctCCttttTttcTtcTCTCCtcctCcttCTTTccTTcCcCCccCTTTTCCcttCCttTCtTccCCttcTtcCTTTtcTCctTTT	=C>CDBEDDDEFEC<EDDGG>EFFEEEEGFGGEFFFEEEFEEFEDGDDEEEDFGEEFDEEG>EGGFFGEFFEDE>GAEGGGGGGGGDD?DFFGFFFF:EBDFDGFFF:FGCFGFDDDFGDFFC><@	T	68	C	58	27,27,40,40,40,40,40,40,40,40,40,40,40,40,40,40,42,44,44,44,44,45,46,49,49,49,49,49,49,49,49,49,49,49,49,49,49,49,49,49,49,52,54,54,57,57,60,60,60,60,60,60,60,60,60,60,60,60,60,60,60,60,60,60,60,60,60,60	50,55,55,55,55,60,60,60,60,60,60,60,60,60,60,60,60,60,60,60,60,60,60,60,60,60,60,60,60,60,60,60,60,60,60,60,60,60,60,60,60,60,60,60,60,60,60,60,60,60,60,60,60,60,60,60,60,60	0.00000
2	220136371	T	159	ctctttCTTCTcCtTtTTtCCCCtcTccCctTtTttTCcTTcTCccTTcccTCTCTTTtttTCTCTCTtCTcCTcTCccTCcttcCcCttTcCtTCCCtCTCTtTtTTccTtTtCCTccTCTcTtttCcctTTCCCCcTCTTCCtCcttTctttTtcTt	ACA?BCCAAECCGFEGEEGGGGEG9CBBGBGEGDGFEG<EEBEG@BEDCCCEBEDEDDHBHEGDGEGEHGECGEBE9CCEGCHHBDBFHHD?FHD=?DDFDFDHDHDACCDI>FFFDC@DDDCDHHHF=BHDDDFFF=DDDDDDHEAHDCBGGDCC=@E	T	87	C	72	60,60,60,60,60,60,60,60,60,60,60,60,60,60,60,60,60,60,60,60,60,60,60,60,60,60,60,60,60,60,60,60,60,60,60,60,60,60,60,60,60,60,60,60,60,60,60,60,60,60,60,60,60,60,60,60,60,60,60,60,60,60,60,60,60,60,60,60,60,60,60,60,60,60,60,60,60,60,60,60,60,60,60,60,60,60,60	27,33,33,48,49,49,49,49,49,49,49,49,49,49,49,49,49,49,49,49,49,49,49,49,49,52,53,53,54,54,54,54,57,60,60,60,60,60,60,60,60,60,60,60,60,60,60,60,60,60,60,60,60,60,60,60,60,60,60,60,60,60,60,60,60,60,60,60,60,60,60,60	0.00000
2	234591205	T	240	tTCCCCCTTCCTCcCCTCTtcTCCccTtCCCccttctTTCCCtTccCTCCCcTTccCTCCcCCtcTCtttTcTcccccTcttCTTttTCTCTctTccTCCccTCCccTttcTCcCcttTCCCccttccTTttTTcCCTTCCctTCtcTTCCtcccTttccTtcCtTttTTCTCCtCccCctTcctTTCTCTtCccTCTtcCTTCCccTcccTtcccCCCttcCCtttcttCTTCCctCCT	DCEFEG8GFGGG@BGGGDGGBGGEBBGGGFGBBGGBGFGGDDGFBBGE?GFBGGBBDGG8BGEGBGGEGGGCGBCCCBFCGG6EGHHFGDGFCHDACGAGBBEGGCCGHHCGGCGBHHGGGGC=HEC@DEHHGGCFGGECFCHFGHBGG6BHCCBFHHCBFHC7HEHHGGFFFFDFCBCCHFDCHFEFFFFHFCCFFFHCFFFFFACFCCCFHCCCFFFAHBCBCCC>BBAB>BA>BC??	C	134	T	106	46,47,47,47,47,47,47,47,47,47,47,47,47,47,47,47,47,47,47,47,47,47,47,47,47,47,47,47,47,47,47,47,47,47,47,47,47,47,47,47,47,47,49,49,49,49,49,49,49,52,57,60,60,60,60,60,60,60,60,60,60,60,60,60,60,60,60,60,60,60,60,60,60,60,60,60,60,60,60,60,60,60,60,60,60,60,60,60,60,60,60,60,60,60,60,60,60,60,60,60,60,60,60,60,60,60,60,60,60,60,60,60,60,60,60,60,60,60,60,60,60,60,60,60,60,60,60,60,60,60,60,60,60,60	60,60,60,60,60,60,60,60,60,60,60,60,60,60,60,60,60,60,60,60,60,60,60,60,60,60,60,60,60,60,60,60,60,60,60,60,60,60,60,60,60,60,60,60,60,60,60,60,60,60,60,60,60,60,60,60,60,60,60,60,60,60,60,60,60,60,60,60,60,60,60,60,60,60,60,60,60,60,60,60,60,60,60,60,60,60,60,60,60,60,60,60,60,60,60,60,60,60,60,60,60,60,60,60,60,60	0.00000
3	132106723	G	77	gAGAAAGGAGaGGaGGGGGAGAGAaGAgggAggAgGGAgggAggGagGgAGAaaaaGaaGaAgggagggGgaAAggG	AH@HHHCCF;@ACFCC:CAGCHBHFCHGFGHGGHGCCFFAGHGGAGEBGFBCGGEFBGGBGGG:FGGGGB9GGFFA>	G	46	A	31	60,60,60,60,60,60,60,60,60,60,60,60,60,60,60,60,60,60,60,60,60,60,60,60,60,60,60,60,60,60,60,60,60,60,60,60,60,60,60,60,60,60,60,60,60,60	49,52,54,60,60,60,60,60,60,60,60,60,60,60,60,60,60,60,60,60,60,60,60,60,60,60,60,60,60,60,60	0.03382
3	132106929	T	77	tTAtttTAtttaTtAaaAaATTAtATTATttTTtATTaTAtattTaaaAataaTtAAaAtAttaATtaaataaaaaa	CA@CDDFFEEEEDEFFFFFFAFEEFG:GFEEFEE:EFEFDEFFFDGFGFGFGGFEDFDFFFFFCEEFEAGFECGFDD	A	39	T	38	40,40,40,40,40,40,40,40,40,42,44,44,60,60,60,60,60,60,60,60,60,60,60,60,60,60,60,60,60,60,60,60,60,60,60,60,60,60,60	52,60,60,60,60,60,60,60,60,60,60,60,60,60,60,60,60,60,60,60,60,60,60,60,60,60,60,60,60,60,60,60,60,60,60,60,60,60	0.00082
3	132107269	A	51	AGAaAGaAaAggAAaaAAGGaaGGgGAgaAAGAagaGaggAaAgaaaAaga	ABHEHCEHEHFFHHDFHHCC@FCCEBGFFGGBGFFFBFFGGFFEFFBDA>B	A	33	G	18	60,60,60,60,60,60,60,60,60,60,60,60,60,60,60,60,60,60,60,60,60,60,60,60,60,60,60,60,60,60,60,60,60	48,49,49,49,60,60,60,60,60,60,60,60,60,60,60,60,60,60	0.00560
3	135774361	G	112	AAGAGAGgaAAAGAGaaGAGGgGGAAaaGGggaGaAAGAggGGggGaGgaAagaAagaAggGAagaAaAaaaagaAaGAgagGgaGAaaGGggaAgAAGagagaagggaGaG	CE@E8C<>CGHGCHCFFCG=CFCCGDF=CCFFFCFHHCHFFCBFGCECGGHFGGHGGGHGGCHEFFHFHGGBGGFHEBGGGGBGGBGGGBBGGGGG?GBGGGGGF>GFD?AA	A	59	G	53	49,49,49,52,54,60,60,60,60,60,60,60,60,60,60,60,60,60,60,60,60,60,60,60,60,60,60,60,60,60,60,60,60,60,60,60,60,60,60,60,60,60,60,60,60,60,60,60,60,60,60,60,60,60,60,60,60,60,60	60,60,60,60,60,60,60,60,60,60,60,60,60,60,60,60,60,60,60,60,60,60,60,60,60,60,60,60,60,60,60,60,60,60,60,60,60,60,60,60,60,60,60,60,60,60,60,60,60,60,60,60,60	0.03222
3	183824370	A	94	GGaAGgAAGAGAAgGaagAGGAGAGGGgAAAGGgAGGgGAAAAGGGAAGAAGaGGGAAAGAAAAAAGAAAAGGggGGGGGGGAGAGAAAAGAGG	@8C>BCHHCHCHHCCGGDDCCHCG@BCDHHG@BDFAADBGGCGABBGGBGGBGBBBGGGBGGGGGGBGGGGBBDDBBBA?BAGBGAEFBB<AC@	G	49	A	45	27,40,40,40,40,40,44,44,49,49,49,49,49,49,49,49,49,49,49,49,49,49,49,49,49,49,49,49,49,54,60,60,60,60,60,60,60,60,60,60,60,60,60,60,60,60,60,60,60	57,60,60,60,60,60,60,60,60,60,60,60,60,60,60,60,60,60,60,60,60,60,60,60,60,60,60,60,60,60,60,60,60,60,60,60,60,60,60,60,60,60,60,60,60	0.00000
3	196529978	C	131	CCCCCCCCCCCCCTTCTCCcCCcCCCCCCcTCCCCTCTtccCCcCCcCCctCCtcCttCtTtcCcccccCCCCcCcCCcCCCCCCCcCCcCCCCCCCcCCcCCCCCCcCCCccccCCCCCCCCcccCcccc	>ABCDDDD@CDDDGGDGDDFDDFDDDD?DFGCDDDG6GFEGCDGDCFCDGFDDEGDEFDFGFGCGGGGG<=CCGDGCDGCCCCCCCGCCG@CCCCCCFCCFCCBCCBFBCDDCCDAAA6A@@@>@???D@E	C	117	T	14	60,60,60,60,60,60,60,60,60,60,60,60,60,60,60,60,60,60,60,60,60,60,60,60,60,60,60,60,60,60,60,60,60,60,60,60,60,60,60,60,60,60,60,60,60,60,60,60,60,60,60,60,60,60,60,60,60,60,60,60,60,60,60,60,60,60,60,60,60,60,60,60,60,60,60,60,60,60,60,60,60,60,60,60,60,60,60,60,60,60,60,60,60,60,60,60,60,60,60,60,60,60,60,60,60,60,60,60,60,60,60,60,60,60,60,60,60	40,42,45,45,46,57,58,58,60,60,60,60,60,60	0.00000
3	196530013	A	168	AAAAGAGgaAaAAaAAaAAagAAgaAggAgGgaAaaaaaAAAAaAaAAaAAAAAAAaAAaAAAAAAAaAAaAAAAAAaAAAaaaaAAAAAAAAaaaAaaaaAaaAaaAaaaaaaAaAaaaaaAaaAaaaaaAaaAAAAaAAAaaaaAaAAaAAAaAAaaaaaaaaaaa	CAA>EEFEDEEFFFFEFFFFFEFFF?FFEFGFFEFFAFFEFFCFFFF?F;FFF?FFFFEBFEFEFFFEFFFFDFFFFFFFFGGGEEEEEF>EEGGGEGFGFEDGEG9EGGGGGGEFEGGGHHEEDEGGGFGEGGEEEEG@?EGGGEEEEEGEEDGEEFGGEG@C@B:B	A	158	G	10	60,60,60,60,60,60,60,60,60,60,60,60,60,60,60,60,60,60,60,60,60,60,60,60,60,60,60,60,60,60,60,60,60,60,60,60,60,60,60,60,60,60,60,60,60,60,60,60,60,60,60,60,60,60,60,60,60,60,60,60,60,60,60,60,60,60,60,60,60,60,60,60,60,60,60,60,60,60,60,60,60,60,60,60,60,60,60,60,60,60,60,60,60,60,60,60,60,60,60,60,60,60,60,60,60,60,60,60,60,60,60,60,60,60,60,60,60,60,60,60,60,60,60,60,60,60,60,60,60,60,60,60,60,60,60,60,60,60,60,60,60,60,60,60,60,60,60,60,60,60,60,60,60,60,60,60,60,60	45,45,57,58,58,60,60,60,60,60	0.00000
4	10669462	C	82	CCCGCCCcCcGCCcCcgCCCCCcCcgCCCccCcgCcCCgGCcCCcccCCcCcCCCGCCcCCggcCCCCCcCCCCCCCcCcCC	:ADFEGGFFGFEGGGGFFGGFGHAG8EGEFGGHG;HFGGGGHGGHHGGEHAGGGGGFGHCGEGIFFFFCGFFFFFFEHGBAC	C	72	G	10	60,60,60,60,60,60,60,60,60,60,60,60,60,60,60,60,60,60,60,60,60,60,60,60,60,60,60,60,60,60,60,60,60,60,60,60,60,60,60,60,60,60,60,60,60,60,60,60,60,60,60,60,60,60,60,60,60,60,60,60,60,60,60,60,60,60,60,60,60,60,60,60	59,60,60,60,60,60,60,60,60,60	0.00814
4	71227922	C	78	GccCccCcccccccCcCCgccccccccccccccccccgCcCCcccCCgCccCccccCgcCccgCcccccccccccccc	CAAACFEFFFFFFFGFGFFFFFFFFFFFFFFGFFFFFFGFGGFFFGGFGFFGGGG;FGGGGGGGGGFGGFGGGGGD:A	C	72	G	6	33,39,51,57,57,57,57,57,57,57,57,57,57,57,57,57,57,57,57,57,57,57,57,57,57,57,57,57,57,57,57,57,57,57,57,57,60,60,60,60,60,60,60,60,60,60,60,60,60,60,60,60,60,60,60,60,60,60,60,60,60,60,60,60,60,60,60,60,60,60,60,60	21,21,27,27,27,27	0.00001
4	139482335	C	78	cccttTTCctcttCTctTtccCCCCCcTcccCCttcTtccccTtCcccctCccctcCTccTctTTtccCtccCCCcTT	?@=DFFGDBFBGGDGBGGG:BDDDDABGBBBEDGGBGGBCCCGHDCC@CGDBCCHBDFCCGDHFFHCBCHCCCCA>A?	C	49	T	29	60,60,60,60,60,60,60,60,60,60,60,60,60,60,60,60,60,60,60,60,60,60,60,60,60,60,60,60,60,60,60,60,60,60,60,60,60,60,60,60,60,60,60,60,60,60,60,60,60	46,49,49,49,49,49,49,49,60,60,60,60,60,60,60,60,60,60,60,60,60,60,60,60,60,60,60,60,60	0.00012
4	139483177	T	31	gttgtggtttggggttgtgttgtgttttgtg	>ACD=CFE7EFDEFDE:EFEFFEFEFFFFFG	T	17	G	14	57,60,60,60,60,60,60,60,60,60,60,60,60,60,60,60,60	57,57,57,57,57,60,60,60,60,60,60,60,60,60	0.04244
5	10664632	A	326	AgGaGGGGAaaAAAgGagAAgAAAgGAGGGgaGGAaGGGAgGGgaaggGGGgGGAgGAGgAGGgaGAGaAAGaGAAGggGAGaaGAGGAGAAgaGgaggAAGgGaGGaggAGGgGGGaGAggGAAaGGAAggagGaagGGaGGGggAGAAGGaAGAGGAAGaGGAGAggggGagaGAAGagAGgAAGAGAgggaGGGgagaGAGAaAAGgGGgagaaAAaGGgAGAgaAGGggAaaGGagggaGAGggaAggGGagagAGAgGgaAGgAGGAaaGggGAaggAgaaggAgGAGgGGagGAggaGagGagaagAAgaaagGAAAggg	AB@B>@DCBCDCEDEGDEAFDFFFFGFFGGDEG=FEGGGFEGDEEEEEGGGEGGFFGEGEFGGEEGFGEFFFEGFFGEEGEF8DFF>GEGDFAEFFF=FFFGF<FGGFGFEFGG=GGFGFGGGFFFFFFFEGF?GFFFAGFGGGFGFGFFGGEFGFGGEFGFGGFGFGDFFGEFFGCFGEFEGEFE?EGFGGFFF>GFFFFGEGEFFFGEFFGFGFFEEFEFGEF5GDEFFGGEFFEFFEGFFFEFGFFEGFFFFHAGEFEEEGFEFFEFEEFFFGFF=FGEDGE;GFEEFEFFEFFGFEFFFEFEEBFEFGEEEEBB@BBC???A	G	190	A	136	33,33,40,40,40,40,40,40,40,40,40,40,40,40,40,40,40,40,40,40,40,40,40,40,40,40,40,40,40,40,40,40,40,40,40,40,40,40,40,40,40,40,40,44,44,46,47,47,47,47,47,47,47,47,47,47,47,47,47,47,47,49,49,49,49,49,49,49,49,49,49,49,49,49,49,49,49,52,52,52,52,53,54,60,60,60,60,60,60,60,60,60,60,60,60,60,60,60,60,60,60,60,60,60,60,60,60,60,60,60,60,60,60,60,60,60,60,60,60,60,60,60,60,60,60,60,60,60,60,60,60,60,60,60,60,60,60,60,60,60,60,60,60,60,60,60,60,60,60,60,60,60,60,60,60,60,60,60,60,60,60,60,60,60,60,60,60,60,60,60,60,60,60,60,60,60,60,60,60,60,60,60,60,60,60,60,60,60,60,60	60,60,60,60,60,60,60,60,60,60,60,60,60,60,60,60,60,60,60,60,60,60,60,60,60,60,60,60,60,60,60,60,60,60,60,60,60,60,60,60,60,60,60,60,60,60,60,60,60,60,60,60,60,60,60,60,60,60,60,60,60,60,60,60,60,60,60,60,60,60,60,60,60,60,60,60,60,60,60,60,60,60,60,60,60,60,60,60,60,60,60,60,60,60,60,60,60,60,60,60,60,60,60,60,60,60,60,60,60,60,60,60,60,60,60,60,60,60,60,60,60,60,60,60,60,60,60,60,60,60,60,60,60,60,60,60	0.00000
5	131705949	T	65	TTccttctcCtCcccCTtccCTCCcCCCCCCCTtTTCCTCTCTTTCCTCTTCCCcCTCttcCTtT	>BCCBDCFBGGGBBB>EGBBFFGGCGCGEDGGE:EEEFDGDF?DDFFDFD@FDFCFCFEF?BBA@	C	38	T	27	27,27,27,27,39,39,40,40,40,40,40,40,40,40,40,40,40,40,40,40,40,42,42,42,42,42,47,49,49,49,49,49,49,53,60,60,60,60	60,60,60,60,60,60,60,60,60,60,60,60,60,60,60,60,60,60,60,60,60,60,60,60,60,60,60	0.00000
5	140187048	G	38	gggGGgGGGgGGGCCGGGGGGGGGCGGCCGGCCCCgGg	ACCFFCEEEDEBEFECEEEEEEDCEDDEFDDEEFFCBA	G	29	C	9	50,50,52,52,60,60,60,60,60,60,60,60,60,60,60,60,60,60,60,60,60,60,60,60,60,60,60,60,60	33,40,40,40,40,40,40,40,40	0.00000
5	140236950	C	80	GcCGGGGGcGCcGCGCGcCGgcCGGCgGccCCggccgGggcCCGgGgCCgggcCggccGCGgGGcCggGCCGcCCCCGCC	8<ACDEEABEFBEEEFEBGDCBGAEFDD=CFGCCCC;ED>CGEDDDDGEDDDCCDD:CDFDDD>CFDDDFEDCDFECBB@	G	41	C	39	49,49,49,49,49,52,60,60,60,60,60,60,60,60,60,60,60,60,60,60,60,60,60,60,60,60,60,60,60,60,60,60,60,60,60,60,60,60,60,60,60	60,60,60,60,60,60,60,60,60,60,60,60,60,60,60,60,60,60,60,60,60,60,60,60,60,60,60,60,60,60,60,60,60,60,60,60,60,60,60	0.01443
5	140250252	T	36	tcCTTCCctTcCtCCTCCtCCTTCCTCTCTCCCcCT	BEFDGFGGFFFGFFFEFFFEEEEFEEFE8EDFE=>C	C	22	T	14	40,40,40,40,40,40,40,42,49,49,49,52,60,60,60,60,60,60,60,60,60,60	43,50,50,50,60,60,60,60,60,60,60,60,60,60	0.04298
5	173989035	C	37	cctccTTccctTctCCTtcTcctttttctttttcccc	C>HABFEBBBGGBDGFFGCECCHHHHHCG@FHHCCC@	T	19	C	18	36,36,40,43,45,45,45,45,46,46,46,46,50,60,60,60,60,60,60	60,60,60,60,60,60,60,60,60,60,60,60,60,60,60,60,60,60	0.00003
6	10729020	C	165	cttTtTTCCTCCCCCCCCCtccCctCCCTcCCTCCctCcTTCtCCCcCccTCcccCtcCttCcccCCtTTTtCCTcCtCCcTccttTccCTTCCCccccccTccttccctcCCTCctCCccCCtCtCTccccTccccCCCtctCCCtTCCCCTcccCctcTCccc	A?B?BADBBF;CDDDDDDDEFFD<EDDDFFD?GDCFEDFHFDE@DDFDEFGDFEFDFGDEED:FGDDEGGFECDGGDF@CFGGGFFC>GDFGDDD=DDGFEGGGFFGGGFGBCFCGFCCEGCCFCFCEGGGGFGGHDACCFGFCCCFFCCC;FFGGCGFFFBDA@	C	116	T	49	57,60,60,60,60,60,60,60,60,60,60,60,60,60,60,60,60,60,60,60,60,60,60,60,60,60,60,60,60,60,60,60,60,60,60,60,60,60,60,60,60,60,60,60,60,60,60,60,60,60,60,60,60,60,60,60,60,60,60,60,60,60,60,60,60,60,60,60,60,60,60,60,60,60,60,60,60,60,60,60,60,60,60,60,60,60,60,60,60,60,60,60,60,60,60,60,60,60,60,60,60,60,60,60,60,60,60,60,60,60,60,60,60,60,60,60	49,49,49,49,49,49,52,60,60,60,60,60,60,60,60,60,60,60,60,60,60,60,60,60,60,60,60,60,60,60,60,60,60,60,60,60,60,60,60,60,60,60,60,60,60,60,60,60,60	0.00023
6	26200083	A	97	AgGGaAAGAgaggggAAGAAAAAgAaGAaaAaaaGaAAGgGaaAAGAAAGAAggGGaaGGAAGgaggaAAgaGAaAAGgGGAGAAGAgAGaAgGAaa	BDFFECCHEFEEF>FEDHE;EEEEAEHEFDEDFEHFEEHGHFFDDG?DDGDDGGGGFFGGDCGGGGGFDDFFGDFCDFEGFCFDCHDE?D?>@A?AC	A	57	G	40	60,60,60,60,60,60,60,60,60,60,60,60,60,60,60,60,60,60,60,60,60,60,60,60,60,60,60,60,60,60,60,60,60,60,60,60,60,60,60,60,60,60,60,60,60,60,60,60,60,60,60,60,60,60,60,60,60	40,40,42,44,44,49,49,49,60,60,60,60,60,60,60,60,60,60,60,60,60,60,60,60,60,60,60,60,60,60,60,60,60,60,60,60,60,60,60,60	0.00047
6	57393144	A	28	tAAaAATAaATTTAATAAAAAaaATata	GFHFHGGH<HEFGGGFHGGGGGEGEDHA	A	20	T	8	40,40,48,49,49,49,49,57,60,60,60,60,60,60,60,60,60,60,60,60	60,60,60,60,60,60,60,60	0.04407
6	57393216	G	28	gtGtGtgtGgTgGttGgggggggggggg	FEHEHEFEFCEFHEEHGGGDDGGGEFGG	G	21	T	7	60,60,60,60,60,60,60,60,60,60,60,60,60,60,60,60,60,60,60,60,60	49,57,57,60,60,60,60	0.00185
6	57415161	T	143	TGTTTGGGGGTGTGGTTGGTGTGTGGgTTTTGGTTTGGGgTTgTgTGGTtTtGTTgTGGGGTTTGtGGTTTTtttgTGggGgGGGTTGtTGggtgTtgtTttTGTgtTGGTggGGtGTgTTgTGGgGTTTGGGtggTgTGGTt	C@<>?@@CDCEEEEEAFEEFEFDFEFFBECFEE=FEEEEGEFGFGFEEEEFDEFFGFEEEEFFEEEDDEEEEEDEGADGGDGDDDEBDDDDEGCGEEGEEEEEDCFD?DDEGGDDEDEGEEGEDCF6DDDCDDDFEDC:B@BB	G	73	T	70	24,25,43,43,49,55,55,60,60,60,60,60,60,60,60,60,60,60,60,60,60,60,60,60,60,60,60,60,60,60,60,60,60,60,60,60,60,60,60,60,60,60,60,60,60,60,60,60,60,60,60,60,60,60,60,60,60,60,60,60,60,60,60,60,60,60,60,60,60,60,60,60,60	60,60,60,60,60,60,60,60,60,60,60,60,60,60,60,60,60,60,60,60,60,60,60,60,60,60,60,60,60,60,60,60,60,60,60,60,60,60,60,60,60,60,60,60,60,60,60,60,60,60,60,60,60,60,60,60,60,60,60,60,60,60,60,60,60,60,60,60,60,60	0.00827
6	57457779	G	34	GGGCGGgGGCgGCGgggggGGCggGggGGGCGCg	GGGG9FFGFGGGGGGGGGGGBFGGFFGFBE@A@D	G	28	C	6	46,50,50,60,60,60,60,60,60,60,60,60,60,60,60,60,60,60,60,60,60,60,60,60,60,60,60,60	25,25,25,25,43,45	0.00000
6	57467317	G	96	ttGGtggtGtGtgtttgtGttgggtgtTgggtggttttTtgtgtTtttGggtgtgggggtTTttgtggGgttgggggtggggtgggttggtgggtt	CCA:BBBC@DEFGEEAEDGDDEEEEFEGEEFDDEEEEEFEFEDDCEEEGEFDFEEFEFEEDGDEFEEFFFFEF8FAFFFFGGFGGGFFGEFFGFBC	G	51	T	45	25,25,25,25,25,25,25,25,25,25,25,25,25,25,25,25,25,25,25,25,25,25,25,37,40,45,47,47,47,47,47,47,47,47,47,47,47,47,47,47,47,47,47,47,47,47,47,47,47,47,47	25,25,25,25,25,25,25,25,25,25,25,25,25,25,25,25,25,25,25,25,25,25,25,25,25,25,25,25,25,25,31,31,31,37,46,46,46,46,46,46,46,46,47,47,60	0.00227
6	57467323	G	81	cgcGccgggcgcCgggcggccccCcgcgccccGggcgcgggggcCCccgcggGgccgggggcggggcgggccggcgggccc	CBBCBBBBCCCEEDFEF>EFFFEGFFFFFFFFHFFEFFFFFFFFGEFFFFFFHFFGFDFDEGGGFDGGGGGGGGGGBDGGB	G	44	C	37	25,25,25,25,25,25,25,25,25,25,25,25,25,25,25,25,25,25,25,25,37,40,45,47,47,47,47,47,47,47,47,47,47,47,47,47,47,47,47,47,47,47,47,47	25,25,25,25,25,25,25,25,25,25,25,25,25,25,25,25,25,25,25,25,25,25,25,31,31,31,37,46,46,46,46,46,46,46,46,47,60	0.01193
6	57472315	A	99	AAAAAAAAAAAAAAAAAAAAAAAAAAGAAAGAGaGaAGAGaAaGAGaGAAAaAAGAaaaAAaaGAAaAAaAAAaAGaGGGAaAaGaAGgaAaAaAAaaA	BFE@FEFF@AFFFFFFFFEFFFFEDFEFDDEFEGEGFEFEGFBCEDGDDEEGEEDEGGFEDGGDDEGEEGEEEGEDG@DDEEEGCGEE;EDCBBCC=??	A	81	G	18	43,49,50,55,60,60,60,60,60,60,60,60,60,60,60,60,60,60,60,60,60,60,60,60,60,60,60,60,60,60,60,60,60,60,60,60,60,60,60,60,60,60,60,60,60,60,60,60,60,60,60,60,60,60,60,60,60,60,60,60,60,60,60,60,60,60,60,60,60,60,60,60,60,60,60,60,60,60,60,60,60	31,31,37,37,37,37,37,40,40,40,40,40,40,40,40,40,40,42	0.00000
6	57472533	T	44	tTtctccTccttcctccccttcTttTtttTTttttcttctttct	>?EEDFFGEEEEFFEFFFFEEFDEEGEEDFDFEFFGFFGFFFFF	T	29	C	15	50,60,60,60,60,60,60,60,60,60,60,60,60,60,60,60,60,60,60,60,60,60,60,60,60,60,60,60,60	25,25,25,25,25,25,25,25,25,25,31,37,37,46,47	0.00000
6	161097590	A	83	TtTaTttaaatttaaTaaattaatttAtaataTTatttaatatatAttaTTttttattattttaaatttaaatTatttatttt	BC@CBFHFGAGGFEEEDFFFFEEGGGEGFFGFEEFGGGFFGFGFGEGGFFEEGGDFHGGHFFGEFGHHHGG8HDGHHHGEHHH	T	51	A	32	27,27,33,33,33,40,40,40,40,40,40,40,40,40,40,40,40,40,44,47,47,49,49,49,49,49,51,52,54,60,60,60,60,60,60,60,60,60,60,60,60,60,60,60,60,60,60,60,60,60,60	27,42,49,50,50,50,50,50,50,50,50,51,52,52,55,57,60,60,60,60,60,60,60,60,60,60,60,60,60,60,60,60	0.03513
7	9766965	T	96	tGgTGTTTGTtTGTtgTGTGgGGGTTggTGgTGgtgtTgttTTtgtGgggTGGGgtgtGttgGTTttggtgGGttTgtgttGgtgTgGGggTttgt	A?CFEDFFEFGFA?GCDDFECDEEGD@CFECFECGCGBDGGFAGDEDBCBEDDDDHDHAHHDE>FHHDDHCDDHHEDHDHHD>HDE@DDDDEHH>B	G	49	T	47	40,40,40,40,40,40,40,40,40,40,40,40,40,40,40,40,42,44,45,60,60,60,60,60,60,60,60,60,60,60,60,60,60,60,60,60,60,60,60,60,60,60,60,60,60,60,60,60,60	50,50,50,50,50,50,50,60,60,60,60,60,60,60,60,60,60,60,60,60,60,60,60,60,60,60,60,60,60,60,60,60,60,60,60,60,60,60,60,60,60,60,60,60,60,60,60	0.00136
7	9767254	A	105	AAAaAAATTTTTTTTTTTATtATATAtAtTtTaTAaTtATtttTttatTATTAAtTATatTTAAtTAaAatattAAaaAtttaAAAATaaattAaTtaATtaata	CB>BA@FFFEFFFFFFEEFFGGBFFEAFGFGFFFFGEGEFCHFEHGGHFEFEF?HFFFGG@FFEHFEGEGHGHHEEGGEHIIFDEEAEGGEFG>6EFF;EGEED;	T	56	A	49	40,40,40,40,40,40,40,40,40,40,40,40,42,46,49,57,60,60,60,60,60,60,60,60,60,60,60,60,60,60,60,60,60,60,60,60,60,60,60,60,60,60,60,60,60,60,60,60,60,60,60,60,60,60,60,60	60,60,60,60,60,60,60,60,60,60,60,60,60,60,60,60,60,60,60,60,60,60,60,60,60,60,60,60,60,60,60,60,60,60,60,60,60,60,60,60,60,60,60,60,60,60,60,60,60	0.00006
7	9767255	T	103	TtTTTTGGGGGGGGGGGTGgTGTGTgTgGgGtGTtGgTGgggGggtgGTGGTTgGTGtgGGTTgGTtTtgtggTTttTgggtTTTTGtttggTGgtTGgttgt	B>CEFGHHHHHHHHHHHEHFGGGHEFGFHFHEHGDHFGHEGGGGGEGAGHAGGGHGHDFGGGDGGEEEDFEGGFFEEFGGGEFFFFGEEEGGFGEE=GCDCF=	G	56	T	47	40,40,40,40,40,40,40,40,40,40,40,40,42,46,49,57,60,60,60,60,60,60,60,60,60,60,60,60,60,60,60,60,60,60,60,60,60,60,60,60,60,60,60,60,60,60,60,60,60,60,60,60,60,60,60,60	60,60,60,60,60,60,60,60,60,60,60,60,60,60,60,60,60,60,60,60,60,60,60,60,60,60,60,60,60,60,60,60,60,60,60,60,60,60,60,60,60,60,60,60,60,60,60	0.00008
7	38389410	G	72	GCgGccgGgcgGcCCgcgCcgcGgcgccgcggcgcgggccccgccccccccccgccgccgcccccggccggc	DDC@BCBCCFFFFGGFFFGFFFG:FFFFFFDFFF=FFFE9CFDG?FGGF9ED@GEGCBBG>AB8FGF<B8FD	C	43	G	29	27,27,27,27,27,27,27,27,27,27,27,27,33,33,37,40,40,40,40,40,40,40,40,40,40,44,47,48,49,49,49,49,49,52,60,60,60,60,60,60,60,60,60	40,40,40,40,40,40,40,40,42,45,50,50,50,52,52,60,60,60,60,60,60,60,60,60,60,60,60,60,60	0.00058
7	100607851	C	125	gcGcCCggccccCgggggGCcgCGgcCccggcCgGCggGGggCcgCGGCcgCggcGggccCGGggCGgGggcccGccgcccGCgccggcggGgccGcccgccCCggcgcgcggcccccccgccgg	A?=AB@9AAABCFFFFEFHGDEFHFDGDDFEDEFHGEEHHFEGDEGGGFDFGFFD;?E<DGHHFFGHEH6EDDCHDDGEDD<G7EEGGEGFHGEEHDEEEE@EFGGEC6GEFBEEEEECEFE9CB	C	63	G	62	60,60,60,60,60,60,60,60,60,60,60,60,60,60,60,60,60,60,60,60,60,60,60,60,60,60,60,60,60,60,60,60,60,60,60,60,60,60,60,60,60,60,60,60,60,60,60,60,60,60,60,60,60,60,60,60,60,60,60,60,60,60,60	30,36,40,58,60,60,60,60,60,60,60,60,60,60,60,60,60,60,60,60,60,60,60,60,60,60,60,60,60,60,60,60,60,60,60,60,60,60,60,60,60,60,60,60,60,60,60,60,60,60,60,60,60,60,60,60,60,60,60,60,60,60	0.04211
7	100607903	G	44	AgggaggGGaagagaggaagggggggaggaaagagagaaaaggg	CAAA@BBC@FFCFCFC?FDDCCCCCCFCCFGG@GD9DGCGGCDD	G	26	A	18	55,60,60,60,60,60,60,60,60,60,60,60,60,60,60,60,60,60,60,60,60,60,60,60,60,60	30,36,36,39,39,40,40,40,40,40,58,60,60,60,60,60,60,60	0.00003
7	142498673	G	50	GGGGGGGGGGGGgGGGGggGGGAAAAAAGGGGGgGGgGgGGGGGGGgGgg	?>ECEEEEDEEEG@@?EGEEDEFFF@DDDDADDGCDGDGDCCCDDDAA<@	G	44	A	6	60,60,60,60,60,60,60,60,60,60,60,60,60,60,60,60,60,60,60,60,60,60,60,60,60,60,60,60,60,60,60,60,60,60,60,60,60,60,60,60,60,60,60,60	24,48,48,60,60,60	0.00000
8	2020398	C	161	aaaCAAAAAAACACACAACAACAAACAaCCACACAcCCCCCCCCCCCCCCCCCCCCCCCCCCCCCCCCCCCCCCCCCCCCCCCCCCCCCCCCCCCCCCCCCCCCCCCCCCCCCcccccccCAAccCCCCCACcCCccCCCCCCCCCCCCcCcccCCcCCcc	BFFDGAHHEGHBGCGCGGCGGCGGFCGGCCGCGCGGDCDBDD6?CCDDDC8D>DCDECDDDCCD@DBBBCCCCDDCD?CCE@DDCCBBCDAD>DCDDDCD8CDDDDC:DCDCCGGGGEGGCAGEGCCCCCGCGCCGGCCCCCCCCCCCCBBEGFCBDB@@D	C	134	A	27	60,60,60,60,60,60,60,60,60,60,60,60,60,60,60,60,60,60,60,60,60,60,60,60,60,60,60,60,60,60,60,60,60,60,60,60,60,60,60,60,60,60,60,60,60,60,60,60,60,60,60,60,60,60,60,60,60,60,60,60,60,60,60,60,60,60,60,60,60,60,60,60,60,60,60,60,60,60,60,60,60,60,60,60,60,60,60,60,60,60,60,60,60,60,60,60,60,60,60,60,60,60,60,60,60,60,60,60,60,60,60,60,60,60,60,60,60,60,60,60,60,60,60,60,60,60,60,60,60,60,60,60,60,60	56,60,60,60,60,60,60,60,60,60,60,60,60,60,60,60,60,60,60,60,60,60,60,60,60,60,60	0.02703
8	57390066	G	29	GAaGAGAGgGGGGgAaAGAggggAAaGAa	EFFGECFGFGGGG@EFECEGGGGEDFAB?	G	16	A	13	60,60,60,60,60,60,60,60,60,60,60,60,60,60,60,60	49,49,49,52,60,60,60,60,60,60,60,60,60	0.02107
8	75516199	G	32	GcccCGCgCgCCcGGGCcGggGCgCgGcGGGG	FEEFGG@FFFGGGEFGFGF<GF=GFGFGFEFB	G	18	C	14	60,60,60,60,60,60,60,60,60,60,60,60,60,60,60,60,60,60	49,49,49,49,52,52,54,60,60,60,60,60,60,60	0.00101
8	101718932	C	41	CCCCCCCCcCCCGGGGGGCGCGCCCGCCCCCCCCCCCCCCc	AGGGHBGGGGGDGG@@FGFFGFGGGFCFFFFFFFFFFFEAD	C	32	G	9	60,60,60,60,60,60,60,60,60,60,60,60,60,60,60,60,60,60,60,60,60,60,60,60,60,60,60,60,60,60,60,60	40,40,40,40,44,48,51,52,60	0.00000
8	101718965	G	89	GGgGGGAAAAAAGAGAGGGAGGGGGGGGGGGGGgGaGGgAAgaAGgggGGGGgGaAAaAGgaGAAgaAGgggaGAGGGGgGGagAGgGa	ABCCCCCCEHGF@DDHCCCHCCBCCC=CCCC=;DBGBBDGGDGGBEBDBBBBD?GEGEGBDGBGGDGGBDDDGCHCCBBC?@CAD@?:<	G	60	A	29	60,60,60,60,60,60,60,60,60,60,60,60,60,60,60,60,60,60,60,60,60,60,60,60,60,60,60,60,60,60,60,60,60,60,60,60,60,60,60,60,60,60,60,60,60,60,60,60,60,60,60,60,60,60,60,60,60,60,60,60	21,25,26,26,26,27,40,40,40,44,47,47,48,49,51,51,52,58,60,60,60,60,60,60,60,60,60,60,60	0.00000
8	101718968	C	93	CcCCCTTTCTCTCCCTCCCCCCCCCCCCCCcCtCCcTTctTCcccCCCCctTTtTCctCTTctTCccctCTCCCCcCCtcTCcCtCtCCCcCt	AFFGF@GGGGGGFGHFGFCGGGGGGGEGGGHFEDFHFFHEFFHHGFFFCHEFFDFFHDFFFGDFFHHHEFFFFDFFCEEHFFGDCB?@BA;?>	C	65	T	28	60,60,60,60,60,60,60,60,60,60,60,60,60,60,60,60,60,60,60,60,60,60,60,60,60,60,60,60,60,60,60,60,60,60,60,60,60,60,60,60,60,60,60,60,60,60,60,60,60,60,60,60,60,60,60,60,60,60,60,60,60,60,60,60,60	21,25,26,26,26,27,40,40,40,44,47,47,48,49,51,51,52,58,60,60,60,60,60,60,60,60,60,60	0.00000
8	101718987	G	120	AGAGGGAGGGGGGGGGGGGGGgGaGGgAAgaAGgggGGGGgGaAAaAGgaGAAgaAGgggaGAGGGGgGGagAGgGaGaGGGgGaAGAaGAGGagggaGgGggGgGGgGGgggGGGGGgg	C=E?BBGACCACCCCCCC@>=DBG=CDHHDGHCCDDCC?CDBGGHGGCDGCHGDGGBDDDGBGBBBBD?BGDGADAEAG=BBDBDG@GGBGBBGDDDGBDBD@BB?>>8=>=>AA??CAA	G	89	A	31	60,60,60,60,60,60,60,60,60,60,60,60,60,60,60,60,60,60,60,60,60,60,60,60,60,60,60,60,60,60,60,60,60,60,60,60,60,60,60,60,60,60,60,60,60,60,60,60,60,60,60,60,60,60,60,60,60,60,60,60,60,60,60,60,60,60,60,60,60,60,60,60,60,60,60,60,60,60,60,60,60,60,60,60,60,60,60,60,60	21,25,26,26,26,27,31,40,40,40,40,40,42,43,47,47,48,49,51,52,58,60,60,60,60,60,60,60,60,60,60	0.00000
8	101719004	G	127	GGGGGGGGGGGgGaGGgAAgaAGgggGGGGgaAAaAGgaGAAgaAGgggaGAGGGGgGGagAGgGaGaGGgGaAGAaGAGGagggaGgGgGgGGgGGgggGGGGGggGGgGGGgggGGgGAGGgGgg	>;>CCCCC:C>FCF>CFHHFFHCEGFCCCBGGHHGHCGFCHHGGACFFFFCHCC@C>CCFDHCFCGBFCAGAFABHFAGBBGGGGGBEBEBGBBGBBGG@BBBBBGGBBGBBBGGGBBGBEBBABBD	G	98	A	29	60,60,60,60,60,60,60,60,60,60,60,60,60,60,60,60,60,60,60,60,60,60,60,60,60,60,60,60,60,60,60,60,60,60,60,60,60,60,60,60,60,60,60,60,60,60,60,60,60,60,60,60,60,60,60,60,60,60,60,60,60,60,60,60,60,60,60,60,60,60,60,60,60,60,60,60,60,60,60,60,60,60,60,60,60,60,60,60,60,60,60,60,60,60,60,60,60,60	21,25,26,26,26,27,31,40,40,40,40,40,40,42,43,47,47,49,51,58,60,60,60,60,60,60,60,60,60	0.00000
8	101721709	T	126	TTTtTTTTTTTttTtTTTTTTtTttTTTtTTTttTTTTtTttTttTtttTTTTtTTTttTtTTtttTtTtTTttttttTTtTTTTTTTTtTTTTttTTTTtTTtAttATTAtTAAAAAAAtaTtat	BDEEDFFEFFFDDFDFFFFFFDGCCFFFDFFFEEFEFFDFEDFEEFEEE@FFFDEFF6EFBEFDDDFEF8FFDEBDEEEEEEEEEEB=EE?EEEEDEEEEEEEEEEDEEEECEEDEEEEEE@B=BB	T	114	A	12	60,60,60,60,60,60,60,60,60,60,60,60,60,60,60,60,60,60,60,60,60,60,60,60,60,60,60,60,60,60,60,60,60,60,60,60,60,60,60,60,60,60,60,60,60,60,60,60,60,60,60,60,60,60,60,60,60,60,60,60,60,60,60,60,60,60,60,60,60,60,60,60,60,60,60,60,60,60,60,60,60,60,60,60,60,60,60,60,60,60,60,60,60,60,60,60,60,60,60,60,60,60,60,60,60,60,60,60,60,60,60,60,60,60	39,48,48,48,52,52,57,57,58,60,60,60	0.00000
8	101721756	A	189	aaAAAAaAAAaaAaAAaaaAaAaAAaaaaaAAaAAAAAAAAaAAAAaaAAAAaAAaCaaCAACaACCCCCCCaacAacaCCCaaCCaaaaCaacaCAacCAAcaaaAcaaaaCaaCCCaCacaACCAaaACAAccCACCAcacaACaAccaCAAaaAAAccAACaCccACacAcAccAAaAccaCAAac	CC<@@>B=@@BBBCFFCCCEDDDFFCDDDDFEDFFFFFFEFCCFFFEEFBFFCFFEFEEGFFGEFFEFFFFGE8HDE;DGGGDEGFEDEEGEDHEEEEHGFFFDEEDGEEEDEECEEEEFEHEEDEEEEEDDDHIEEFFEHEHDEEEEGHDFDEEEEEEHG?EFEFGHDFEHDHEFBEECCDD:BB?>@	A	130	C	59	60,60,60,60,60,60,60,60,60,60,60,60,60,60,60,60,60,60,60,60,60,60,60,60,60,60,60,60,60,60,60,60,60,60,60,60,60,60,60,60,60,60,60,60,60,60,60,60,60,60,60,60,60,60,60,60,60,60,60,60,60,60,60,60,60,60,60,60,60,60,60,60,60,60,60,60,60,60,60,60,60,60,60,60,60,60,60,60,60,60,60,60,60,60,60,60,60,60,60,60,60,60,60,60,60,60,60,60,60,60,60,60,60,60,60,60,60,60,60,60,60,60,60,60,60,60,60,60,60,60	27,27,27,27,27,31,31,33,37,37,39,39,39,39,40,43,45,45,46,46,46,48,48,48,48,48,48,48,48,48,48,48,48,48,48,50,50,52,52,57,57,57,58,58,60,60,60,60,60,60,60,60,60,60,60,60,60,60,60	0.00000
10	32391505	T	27	TCCtTtCCtCCcCcctccTcCATcCcC	BFAGFDGFGFFCE>CI>CDCF6ECFC<	C	18	T	8	40,47,47,49,52,52,54,54,60,60,60,60,60,60,60,60,60,60	60,60,60,60,60,60,60,60	0.03222
10	36812362	C	228	ccttTCtcTTcTcctCtcttCtttCcctcCttCTCTCCctcTCcTtcTCcTccTTCtCctcCcCCTttccTTCtTCtccccctcttccCCcCtCTCtCCCcCCttCTTtcTTtCCcttCCcCCcTtcccctctcctcTcttTCCcccCCCTcctcTcTTcTTTtCCCCTTTCCTCcTctTTTctTCCccTCtctcCttCCCtcctTttCtCCccctCCCCTTCcttct	AC@@BAE>CC@:BBFGFBGGFFGGGBBGBGGB=GGGGGBGBEGBEGBGGAGBBAHHGGBC?G@GGGGGBBFGGFGGGABA7CGBHGCBGFCGHGFGHFFGBGGHFGGGHCGEGDGAGHGGCEGCFGCCCCHCHBCHCFCHHFFF;CCFFGFCCH@FCFDCFDFHFFFFBFFFFFFCFBGFFFCHFF@ACFFH@HCFHHFDFGCCGEHHEHEFB=BGFFF:DDA=BA<E	C	129	T	99	48,49,49,49,49,49,49,49,50,50,50,50,50,50,50,50,50,50,50,50,50,50,50,50,50,50,50,50,50,50,50,50,50,50,50,50,50,50,50,50,50,50,50,50,50,50,50,50,50,50,50,50,50,50,50,50,50,50,50,50,50,50,50,50,50,50,50,50,50,50,50,50,50,50,50,50,50,50,50,50,50,50,50,50,50,50,50,50,50,50,50,50,52,52,60,60,60,60,60,60,60,60,60,60,60,60,60,60,60,60,60,60,60,60,60,60,60,60,60,60,60,60,60,60,60,60,60,60,60	43,49,49,49,49,49,49,49,49,49,49,49,49,49,49,49,49,49,49,49,49,49,49,49,49,49,49,49,49,49,49,49,49,49,49,49,49,49,49,49,49,49,49,49,49,49,49,49,49,49,49,49,49,49,49,49,49,49,49,49,49,49,49,49,49,49,49,49,49,49,50,50,50,52,52,53,60,60,60,60,60,60,60,60,60,60,60,60,60,60,60,60,60,60,60,60,60,60,60	0.00000
10	81319267	C	47	CCCtCCttctccTtcctCcCccccccccccccccccccctccccccc	<<<CCBHGBGABGGBAGDBDB>BBB@BBBCBCCCCCCCBHCCCBC>;	C	39	T	8	27,42,47,50,50,50,50,50,50,50,50,50,50,52,60,60,60,60,60,60,60,60,60,60,60,60,60,60,60,60,60,60,60,60,60,60,60,60,60	21,27,27,27,27,40,40,40	0.00000
10	81371637	T	144	TctTTcCcTTCTTtTtTCCttTCCTtttcTttTTTtTcCTCTTTcccTTtcCCttcCTTcTctcTtcTctTCTcCTTcTCtTtctTtTtTCtTCtTCCCtTccTCTTtTTCTttTTttttttcttttttttttttTttttcttc	>CC;A?B@DE?5FGEGF@DGGBFGFGGGBGFFFFDFEBDFGF=FB@BFFGBFGHCCFFFCECFBEHCDCH5F=CEFFCFFHBGCGFHFHFFHFFAFEFFHFCBCE<DHFEEEHCEEHH@DHHCFHAHHHHHGHHHEFFHF=DC;	T	100	C	44	21,27,27,27,27,27,27,27,27,27,27,27,27,27,27,27,27,27,27,27,27,40,40,40,45,45,47,49,49,50,50,50,50,50,50,50,50,50,50,50,50,50,50,50,51,51,52,55,57,57,57,60,60,60,60,60,60,60,60,60,60,60,60,60,60,60,60,60,60,60,60,60,60,60,60,60,60,60,60,60,60,60,60,60,60,60,60,60,60,60,60,60,60,60,60,60,60,60,60,60	21,27,27,27,27,27,27,27,27,27,27,27,27,27,27,27,27,27,27,27,27,27,27,27,27,27,27,27,27,27,33,40,40,40,40,40,40,40,40,40,45,49,49,49	0.00000
10	120889022	T	64	TCCTTTTTTCCTCTCTCCTTTCCCTCTTTTTttTCTCttTCtCCTCCTTtTttCCCcTCTCcTc	FFGGGGGFEGGGGGGG>GGGFGGGDGGGFFFHHFFFFHGFFHFCEFEEEHFFFGBC?B9BA9C<	T	37	C	27	44,46,47,50,60,60,60,60,60,60,60,60,60,60,60,60,60,60,60,60,60,60,60,60,60,60,60,60,60,60,60,60,60,60,60,60,60	40,40,40,40,40,40,40,42,49,60,60,60,60,60,60,60,60,60,60,60,60,60,60,60,60,60,60	0.01354
10	124340253	T	68	TTTTTTTTTTTTTTTtTTCCTtCTTTTTTTTttTTTTTTTCTTTTTTCCTTCTCTTTCtCTTtTTTTT	?EFDFFFCFFFFFFFFFFGEEEGFFFFFEEDEFEEEEEEEE;EEAEEFDEEEEFEEEFFEDDDCCCB?	T	58	C	10	27,33,33,40,40,40,40,40,40,40,40,40,40,40,40,40,40,40,40,40,40,40,40,40,40,40,40,40,40,40,40,40,40,40,40,40,40,40,40,40,40,40,45,45,45,45,51,57,60,60,60,60,60,60,60,60,60,60	21,31,33,37,37,40,40,40,40,40	0.00064
10	124340301	T	185	CTTTTTTTTttTTTTTTTCTTTTTTCCTTCTCTTCtCTTtTTTTTCCCTTTttCCTtTtTTTtTTTCTCCCCTTTTCCCTTTtCTTCTTTTTCtTTTtCTCTCTTtctCCcccCTtTttTTtTctctCctttttTCCtttctttTttctCCCTCTtcttctctcctttccTTCtCTTctcttttt	ABBCGGGGGEEBFGGGGGDGGGDGGD7CG6FDGG?FCGDEGDGGGDDDGGGFECCFFGEGGFFEEFDFCCCCGCF@@@CFEFGCFFCF;FFFCEFFFACFCFC@FFEECCEEECFFFFFFFFFEFEFBEEFEFEFBCFEFEFFFFDFEFBBCFBEECCBBBABAACA=??CCA>?DD>A=<BC@B	T	128	C	57	25,27,27,33,40,40,40,40,40,40,40,40,40,40,40,40,40,40,40,40,40,40,40,40,40,40,40,40,40,40,40,40,40,40,40,40,40,40,40,40,40,40,40,40,40,40,40,40,40,40,40,40,40,40,40,40,40,40,40,40,40,40,40,40,40,40,40,40,40,40,40,40,42,42,42,42,45,45,47,47,48,50,50,51,55,55,57,57,57,57,57,57,57,57,57,57,57,57,57,57,57,57,57,57,57,57,57,57,57,57,57,60,60,60,60,60,60,60,60,60,60,60,60,60,60,60,60,60	21,23,24,24,24,24,25,25,31,31,31,33,33,33,33,33,33,40,40,40,40,40,40,40,40,40,40,40,40,40,40,40,40,40,40,40,44,47,49,52,52,54,55,55,57,57,57,57,60,60,60,60,60,60,60,60,60	0.01558
10	124358420	C	56	GCGccGCCCCGGCGCCCCcCGcgcgGCCgCGGCCgGGgcGgccGcggcGgCgCCCc	CGHBAGGGG=GHGH9G?ECGHCDCDGGGDGHGECCGGD>FDCCGCDDCGDAC@?C@	C	31	G	25	28,60,60,60,60,60,60,60,60,60,60,60,60,60,60,60,60,60,60,60,60,60,60,60,60,60,60,60,60,60,60	49,49,49,49,49,49,49,49,49,49,49,60,60,60,60,60,60,60,60,60,60,60,60,60,60	0.00042
10	124358583	C	89	CccccCCCccCCTTTTccTtTtCCTctttTCCcctcCtTtTTCCCCtctCCTTctcCTCTCtcTttcCctCccccCTtCTTtTTTcctC	<B;D@@BCEFDDGGFFGFGDFDDDGFDDEGCDFHEGCDGEDGDDCDEHDDBGFHEECFCFCEHFEEHCHE?HHHHC9ECEFEEEEGD7C	C	49	T	40	40,40,40,40,40,42,45,47,49,52,52,52,55,55,55,55,60,60,60,60,60,60,60,60,60,60,60,60,60,60,60,60,60,60,60,60,60,60,60,60,60,60,60,60,60,60,60,60,60	51,52,54,54,60,60,60,60,60,60,60,60,60,60,60,60,60,60,60,60,60,60,60,60,60,60,60,60,60,60,60,60,60,60,60,60,60,60,60,60	0.00852
11	1253942	T	171	TCtttCTtttCcTctttcCTCCTttTTttctTtTTCCTTctcccCCCccttCcCTCCtcctCCCtTccCtcTCTCcCCtCTttTccCccTCCttctttcCTCcCTctCCCTcCCtcTCtCTCcctcCtccttCTTTctcccTCTtttttctccctccccccccttTTccct	DDCCB@AFEEFC;BGFFAE?FGFGFGGGGBGEGGGGDGEBGBBBGGGBBGGGBGGFF@BBGGGEGFBBGGBGGGE;GGGGFEGFBCGBAGGGHHCFHABFGGBGGCHGGGGCFGCCG<GGGGCCHCGHBBGHGGEGCHCCCFGGHHHHHCHBCCHBCCCACACHEFFC7<B	C	92	T	79	33,33,39,39,40,40,40,40,40,40,40,40,40,40,40,40,40,40,40,40,40,42,42,42,44,44,44,44,47,47,47,49,49,51,52,52,52,52,54,54,54,59,59,59,60,60,60,60,60,60,60,60,60,60,60,60,60,60,60,60,60,60,60,60,60,60,60,60,60,60,60,60,60,60,60,60,60,60,60,60,60,60,60,60,60,60,60,60,60,60,60,60	55,55,55,60,60,60,60,60,60,60,60,60,60,60,60,60,60,60,60,60,60,60,60,60,60,60,60,60,60,60,60,60,60,60,60,60,60,60,60,60,60,60,60,60,60,60,60,60,60,60,60,60,60,60,60,60,60,60,60,60,60,60,60,60,60,60,60,60,60,60,60,60,60,60,60,60,60,60,60	0.00000
11	5862653	T	140	ccCCtTtTCCtCccTCCCTTctCcTCtttCtctTtcTtCTttccctTCCCccTttcTTcctTccctcTCTtcTttttctTtctTcttTCTctCtTCcTcCCTtTtttcTcCcctcccccTTTtCtcTcTcTTtTCCtctt	C>B<DCFFEEGEABEGGFGGBGDBEGGGGFGBGGGBGGGFGGBBBGGGGEC5GGHBGFCBHGACCHCFGFGCGHHHHBGGHCHGCHHGGGCHGHGGCFCGFFHFCHHCFCFCCHCC@C@FFFGFHCFCFCFFEEFBA8B:	T	75	C	65	42,42,44,56,57,60,60,60,60,60,60,60,60,60,60,60,60,60,60,60,60,60,60,60,60,60,60,60,60,60,60,60,60,60,60,60,60,60,60,60,60,60,60,60,60,60,60,60,60,60,60,60,60,60,60,60,60,60,60,60,60,60,60,60,60,60,60,60,60,60,60,60,60,60,60	40,40,40,40,40,40,40,45,53,53,54,60,60,60,60,60,60,60,60,60,60,60,60,60,60,60,60,60,60,60,60,60,60,60,60,60,60,60,60,60,60,60,60,60,60,60,60,60,60,60,60,60,60,60,60,60,60,60,60,60,60,60,60,60,60	0.04459
11	11373960	C	262	tcTttttCTCTctCcCCttCtCCtCCTTcTTcCCCTCCCCTtctctCcCtCCtcCtcctcttTCcctccCcCTTCtCCcTTCTCTccCTcCctcCCttcCcCTTtctTccTCCccTCttTttttTtCTcccTcctTTCccctCCcccTtcTtTTTCTcTTCCCtcTCTtCTtcCCTCCccctcTTCtTCtcCctCcCcccCtcCCcCcctctccCTtctttcCtcCtcttTccCTCctTCtTcCCCTTtccCTCCtcttTcc	CC?BCCCEC?8AGGBGGFGGGG@GFGGG9GGBGGGGGGGGGGBGBGGBGFGGGBGGBBGBBG>EBAGBBGBGGGGGGGBBGGEGGBBGCAFBAAGGGGBGCGG:EAFBACGGGC@GGGGGFHH;FHGECC;GC;HCGGCCAHGFCCB@HCGHGEEGGBGGGCGHCCGGEGEHBGGGGGC=CHCEFGHFFCCFCHECDCCCFHCCFCD>CHCHC:FEHCHHH=FGCFHCCHFCCFEFCHFFGFCFFFFFH=CEEEEHBGGE?;	C	149	T	113	40,40,40,40,40,42,42,44,44,44,44,47,47,49,49,49,49,52,52,54,60,60,60,60,60,60,60,60,60,60,60,60,60,60,60,60,60,60,60,60,60,60,60,60,60,60,60,60,60,60,60,60,60,60,60,60,60,60,60,60,60,60,60,60,60,60,60,60,60,60,60,60,60,60,60,60,60,60,60,60,60,60,60,60,60,60,60,60,60,60,60,60,60,60,60,60,60,60,60,60,60,60,60,60,60,60,60,60,60,60,60,60,60,60,60,60,60,60,60,60,60,60,60,60,60,60,60,60,60,60,60,60,60,60,60,60,60,60,60,60,60,60,60,60,60,60,60,60,60	39,40,40,40,40,40,40,40,40,40,40,40,40,40,40,40,40,40,40,40,40,40,40,44,51,51,57,58,58,58,58,58,59,60,60,60,60,60,60,60,60,60,60,60,60,60,60,60,60,60,60,60,60,60,60,60,60,60,60,60,60,60,60,60,60,60,60,60,60,60,60,60,60,60,60,60,60,60,60,60,60,60,60,60,60,60,60,60,60,60,60,60,60,60,60,60,60,60,60,60,60,60,60,60,60,60,60,60,60,60,60,60,60	0.00085
11	48347140	T	138	ctcCTtcCTCTctTtcCctTttccCctTcttcTCccCtcCtcttCTTTttccttctCCccTcttCttctTTtctCtCCcTCTTTTCcCTtCTCTcTctccttttTcTtTCCCTCCtcCTtTttcTccttCTctCTTct	CAA?B@CB>AA@BDDFEFCECDGGGGDGFDDGGGGGGDGGDGDDGGGGDDGGDDDBGACH7GEDFEEHEGDEHEGDGGHGGGGFGGHGEEFFFFG=HEHHEE@;FHFFFFFFFFFDGFFCFEBGFHGDEFGG@AC=@<	T	74	C	64	50,55,60,60,60,60,60,60,60,60,60,60,60,60,60,60,60,60,60,60,60,60,60,60,60,60,60,60,60,60,60,60,60,60,60,60,60,60,60,60,60,60,60,60,60,60,60,60,60,60,60,60,60,60,60,60,60,60,60,60,60,60,60,60,60,60,60,60,60,60,60,60,60,60	47,47,49,49,49,49,51,60,60,60,60,60,60,60,60,60,60,60,60,60,60,60,60,60,60,60,60,60,60,60,60,60,60,60,60,60,60,60,60,60,60,60,60,60,60,60,60,60,60,60,60,60,60,60,60,60,60,60,60,60,60,60,60,60	0.04547
11	56127746	A	48	AggAgGGAAAAGgGGgAGAaAgaAAAaGAaaGAGGgAgGAAAGGAGgA	DCCECEEFDFF?DEEDFEFFEDFEEFGDEGGDECDDEDDEEEDCDE?A	A	25	G	23	60,60,60,60,60,60,60,60,60,60,60,60,60,60,60,60,60,60,60,60,60,60,60,60,60	40,40,40,40,40,47,49,54,60,60,60,60,60,60,60,60,60,60,60,60,60,60,60	0.00146
11	56237410	A	87	GgaagagggAGgaaAGGgAGagaGAGaggaGgaAAgGGggaGaaaGAaaGagAaAAgAGagaGgAaagaAaGggGAAgaaAaaAGGG	@ACCAEBBBFCCFCHCBCHCFCFBICFCCF<9FHHD6CCDGBGGG;HGGCGC;GAHDHAFBGBDGGEDGGBBD:BGGCE=>B@@<C?	A	45	G	42	50,50,50,50,51,60,60,60,60,60,60,60,60,60,60,60,60,60,60,60,60,60,60,60,60,60,60,60,60,60,60,60,60,60,60,60,60,60,60,60,60,60,60,60,60	27,27,27,27,27,27,27,27,27,27,27,27,39,39,40,40,40,40,40,40,40,44,45,45,49,49,49,49,49,49,49,49,49,49,49,49,49,50,55,55,60,60	0.00000
11	56468493	A	83	ggaaaAgaGgagagggaaagAaaagAGggGAGGgaGaAGaagaaggaAAgAgagaGaaAagaaaaaggAaaAaAAaAAaAaAA	A;FFGHCFCBFCFCCCFFFCDEFFCHCCBCHBBCFCFCCGGCGGDDGHHDHDGDGCGFGFDGFGFGDDGHGGGGGFGFGHABC	A	53	G	30	50,50,52,60,60,60,60,60,60,60,60,60,60,60,60,60,60,60,60,60,60,60,60,60,60,60,60,60,60,60,60,60,60,60,60,60,60,60,60,60,60,60,60,60,60,60,60,60,60,60,60,60,60	21,40,40,40,42,44,49,52,57,57,60,60,60,60,60,60,60,60,60,60,60,60,60,60,60,60,60,60,60,60	0.00071
11	62334908	G	44	GCcgcGGCGGGCGCCGGGCgCGgCGCCgcGGgcGCgGcgCgcGC	@DDDDACDB@CCCDDCCCDGDBGDCDBDEABED@CFBE@<FE@@	G	25	C	19	60,60,60,60,60,60,60,60,60,60,60,60,60,60,60,60,60,60,60,60,60,60,60,60,60	44,47,47,49,60,60,60,60,60,60,60,60,60,60,60,60,60,60,60	0.01752
11	124086175	T	89	TctttttttTccTtcttctTcTttttcctcttttTcccttctcTcCCCttCTctCCCCcCtCttCTttCCcTtCTTTTTtTTtTCTCTT	:C@BA@BCDEGFECGDDGDBGEBDDDGGDGDDDD9GGGDDGDGEHGFGEEGEHEDGGGHFEFEEGDEEFFHDEFBDDCDEC@DEGCB@A	T	55	C	34	60,60,60,60,60,60,60,60,60,60,60,60,60,60,60,60,60,60,60,60,60,60,60,60,60,60,60,60,60,60,60,60,60,60,60,60,60,60,60,60,60,60,60,60,60,60,60,60,60,60,60,60,60,60,60	27,27,27,27,39,39,39,40,40,40,40,40,40,40,40,40,40,40,40,40,42,48,49,49,49,49,49,49,49,49,49,49,49,60	0.00000
11	124096122	G	115	GggGGGaaAgaGaGgGGgggagggaggaGggGAgggaaagGgaaggggaGGggggaaagaAgaggggGggGagggagggggagggggGggggaaagggGgggagAAgGGGGGGgG	>AC;;=?CGEFCEBEBCEFFDFFFEFFEAF?A:F@FEEEE@EE<CEE?E?CFEFEDEBGEHFEEGFFBGFCFGEFEEGFEGFGFFGGCEFDGFFEFFGBFFDEEGGG@BABA=>?	G	85	A	30	52,52,52,55,60,60,60,60,60,60,60,60,60,60,60,60,60,60,60,60,60,60,60,60,60,60,60,60,60,60,60,60,60,60,60,60,60,60,60,60,60,60,60,60,60,60,60,60,60,60,60,60,60,60,60,60,60,60,60,60,60,60,60,60,60,60,60,60,60,60,60,60,60,60,60,60,60,60,60,60,60,60,60,60,60	21,21,27,27,27,27,27,27,27,27,27,27,27,27,27,27,39,40,40,40,40,40,40,40,40,42,44,47,49,49	0.00000
11	124096195	G	84	ggGgggagAAgGGGGGGGgGAaAGAGAgGAgGAGGAGAAGAGGGGGGAGGAGAGAAAGAGGAAAGGAAGAGGAGAGAaGGGAGG	?@@BFDFFFFFBAEDDECEEFGEEFEFAAF9EFEDEEFFCFEDDDCDEDDEDDDEEEDEBDEEEDDEEDEDDDCEED=CBAB@@	G	52	A	32	40,40,40,40,40,40,40,40,40,40,50,50,50,50,52,57,60,60,60,60,60,60,60,60,60,60,60,60,60,60,60,60,60,60,60,60,60,60,60,60,60,60,60,60,60,60,60,60,60,60,60,60	27,27,33,39,39,39,40,40,40,40,40,40,40,40,40,40,40,40,40,40,40,40,40,40,40,40,40,40,40,40,40,40	0.00000
12	3948550	A	35	aAAagAGGgGAGAGgGGAGAGAagAAAAGGAAAaG	EDCFFDHHCGEGEH;GGDGDGD>DDBDDGG6CCEC	A	19	G	16	40,40,40,40,47,49,50,50,50,50,55,57,60,60,60,60,60,60,60	21,21,27,33,40,40,40,40,49,49,49,49,60,60,60,60	0.04358
12	52709880	A	35	AgGGAAAGAAAAGAGgagggGggagaaagggaaga	@CCCIIHBHHHH=<C@GCDDCDDE>BGGDDCFC@B	G	18	A	17	33,33,37,37,38,39,46,51,60,60,60,60,60,60,60,60,60,60	52,54,60,60,60,60,60,60,60,60,60,60,60,60,60,60,60	0.01729
12	52709883	T	33	cCCTTTCTTTTCTCctcccCcctcttcccttct	EDDGGHDGBGG@GCFFGGGDGFFGEFEBGFDGE	C	18	T	15	33,33,37,37,38,39,46,51,60,60,60,60,60,60,60,60,60,60	54,60,60,60,60,60,60,60,60,60,60,60,60,60,60	0.01200
12	63359409	C	28	ccAccaaccaaaccCACcCACccccACC	CC?CCCEBDEEEDDGFEEGFFEEEEDFA	C	19	A	9	50,51,52,55,60,60,60,60,60,60,60,60,60,60,60,60,60,60,60	49,49,49,51,52,60,60,60,60	0.03504
12	126137060	C	32	CcCtCttCTcTccccTTcCCCCCTcTcTCTTc	D<GGGGGFFCFCCBCEECFEEEEDCDCDD@B>	C	20	T	12	52,57,57,60,60,60,60,60,60,60,60,60,60,60,60,60,60,60,60,60	40,40,40,40,40,40,40,40,44,45,45,47	0.00000
12	131687289	G	116	GGGGcGgcGCccGGGCCcGGGCCGCCCGGCgGGCcGGCGgCCCcGgcGGCGCCGcGCCgCCCgCCcggGgccCggcCggGcgcggcCgccGcCGGcccggCCggggGggggccGcc	?6?CFCFFCDGGCCC7EGCCCDDCDCDBCDGC<DHCCCBDDDDECGECCDCDDB=BCBDCCCECCHEGB8HBCEGHCGGBHGGCGHCGHHBHBAACHHFGBCFEDD>=BB@@@CEC	G	60	C	56	60,60,60,60,60,60,60,60,60,60,60,60,60,60,60,60,60,60,60,60,60,60,60,60,60,60,60,60,60,60,60,60,60,60,60,60,60,60,60,60,60,60,60,60,60,60,60,60,60,60,60,60,60,60,60,60,60,60,60,60	48,49,49,49,49,49,49,51,53,53,54,59,59,60,60,60,60,60,60,60,60,60,60,60,60,60,60,60,60,60,60,60,60,60,60,60,60,60,60,60,60,60,60,60,60,60,60,60,60,60,60,60,60,60,60,60	0.00008
14	106354418	G	103	GGaAAgAGGAaAggggGaAAggaGAgAAaAGagAAAAGAAAAgAAGAAAAAGGGaGGGGGggAaAAGAAGAgGgGGGGGAAGAAaAGGGGgGGgGGgGgGgGG	:@BCEGEF;EFFFFFFGDFFFF5HFEEFFFGEFBF<FGEFCFGFFGFFFFFGGG8FGGGGGGFDFEFECGECBGFFFFFEEFEAGEEFEFDFEGFGDDBBBA@	G	57	A	46	60,60,60,60,60,60,60,60,60,60,60,60,60,60,60,60,60,60,60,60,60,60,60,60,60,60,60,60,60,60,60,60,60,60,60,60,60,60,60,60,60,60,60,60,60,60,60,60,60,60,60,60,60,60,60,60,60	40,40,40,40,40,40,46,49,53,60,60,60,60,60,60,60,60,60,60,60,60,60,60,60,60,60,60,60,60,60,60,60,60,60,60,60,60,60,60,60,60,60,60,60,60,60	0.00052
14	106363835	T	176	TTTttTTTTtTTTttTTTTTTTTTTTTTTTTTTTTTTTtTTTTTTTTtTTTTTtTTTTTTttTTTTTTTTTTTTTTTTTTTTTttTtTTTTTTTttTTTTTTtttTTTTTTTttTTtTTTtTTTtTTTCTttttTTTtCTTtTTtCTTCCTCCTttTTTTTTtTTTTctTCTTTCt	<@D:D=GFGDDGGDBGCGFGGDGGGGGGGEDFGGBEGDECFFGGGGGEFGGG@=GGFFGFCEEFFFGFGE@EEFFFFCFE@AFEDFEFFFFFFFEEEFFFFF>EEFFFFFFF:D9FEFFFCFFFEFFFCFDECEFFFECFFDFFECFEBCFCCFDAFGFDCC??D@@C=AA??CC@	T	166	C	10	60,60,60,60,60,60,60,60,60,60,60,60,60,60,60,60,60,60,60,60,60,60,60,60,60,60,60,60,60,60,60,60,60,60,60,60,60,60,60,60,60,60,60,60,60,60,60,60,60,60,60,60,60,60,60,60,60,60,60,60,60,60,60,60,60,60,60,60,60,60,60,60,60,60,60,60,60,60,60,60,60,60,60,60,60,60,60,60,60,60,60,60,60,60,60,60,60,60,60,60,60,60,60,60,60,60,60,60,60,60,60,60,60,60,60,60,60,60,60,60,60,60,60,60,60,60,60,60,60,60,60,60,60,60,60,60,60,60,60,60,60,60,60,60,60,60,60,60,60,60,60,60,60,60,60,60,60,60,60,60,60,60,60,60,60,60	41,51,57,60,60,60,60,60,60,60	0.00000
14	106363843	C	205	CCCCCcCCCcccCCCCCCCCCCCCCCCCCCCCCCcCCCCCCCCCcCCCCCcCCCCCCCccCCCCCCCCCCCCCCCCCCCCCccCcCCCCCCCccCCCCCCcccCCCCCCCccCCcCCCcCCCcCCCGCccccCCCccGCCcCCcGCCGGCGGCccCCCCCCcCCCCgcCGCCCGcCCCGCCCCcCCcCCccCccCCCccCCCCcc	9@@?@CDFFCDDGGGGGFGGGGGDGG98GGGDGGEGF?GGFEGGEFEGG=AGG?BGGGEEGGGGGGGEGGGGACGDGE=GDEEDE?EFFFFFEEFFFFFFEEBFF=FFCFEEFFFFFFEFFFEFFFGFEEEEDFFAEGFFDFFEDFFGGFFGFEEFDFFFFEDFFDGEEG>DFGEFFEGFFFFEFDDDBAAC@@B@B:>CAC?BB	C	194	G	11	60,60,60,60,60,60,60,60,60,60,60,60,60,60,60,60,60,60,60,60,60,60,60,60,60,60,60,60,60,60,60,60,60,60,60,60,60,60,60,60,60,60,60,60,60,60,60,60,60,60,60,60,60,60,60,60,60,60,60,60,60,60,60,60,60,60,60,60,60,60,60,60,60,60,60,60,60,60,60,60,60,60,60,60,60,60,60,60,60,60,60,60,60,60,60,60,60,60,60,60,60,60,60,60,60,60,60,60,60,60,60,60,60,60,60,60,60,60,60,60,60,60,60,60,60,60,60,60,60,60,60,60,60,60,60,60,60,60,60,60,60,60,60,60,60,60,60,60,60,60,60,60,60,60,60,60,60,60,60,60,60,60,60,60,60,60,60,60,60,60,60,60,60,60,60,60,60,60,60,60,60,60,60,60,60,60,60,60,60,60,60,60,60,60	41,51,57,60,60,60,60,60,60,60,60	0.00000
14	106725482	A	75	CAaccCaacaACCAcaAaAcAAcacaaaaAccCACCaCCaAcacCaCAaCAaaaaaAaaaCAAAACCAcaaAAAa	A??BAAFFCDFDGEDEEEADFFDBDEEDEFDCGE>GEEGFEEFDFED<EDDFEFFBDEFF:DEEE=FEEEFDEDA	A	48	C	27	45,45,45,46,47,47,49,49,49,49,49,50,50,50,50,50,50,50,50,50,50,50,50,50,50,50,50,50,50,50,50,52,59,60,60,60,60,60,60,60,60,60,60,60,60,60,60,60	27,40,40,40,40,40,40,40,40,40,40,40,40,40,40,40,40,40,40,44,47,53,60,60,60,60,60	0.00000
14	106733520	C	59	AaAAACCcaaCaaCCccAAaccCcAcACAaCaaAaCACaacaACcccaCAaAAcaCACc	=CAEEGGGCDGDDGFGGEBDGGEHDGEGBE@EECCGCGDEHE;FHHHFFDEDDHDA@CE	A	32	C	27	49,49,49,49,49,49,49,49,49,49,49,60,60,60,60,60,60,60,60,60,60,60,60,60,60,60,60,60,60,60,60,60	60,60,60,60,60,60,60,60,60,60,60,60,60,60,60,60,60,60,60,60,60,60,60,60,60,60,60	0.00085
14	107160067	C	66	TccttccCtcctctTcccccTCTtccccccTtcCTccttccTCcTttctttccttTCccTttctct	ACDCDGGFDGGDGDF<GGGGFGFDEGGGGGFCHGFHHEEHHEFHAE?HC?EGHEDEACHEEDHAA@	C	36	T	30	60,60,60,60,60,60,60,60,60,60,60,60,60,60,60,60,60,60,60,60,60,60,60,60,60,60,60,60,60,60,60,60,60,60,60,60	48,48,48,48,50,53,60,60,60,60,60,60,60,60,60,60,60,60,60,60,60,60,60,60,60,60,60,60,60,60	0.00549
14	107160069	A	67	aaggaaAgaaggagGaaaaaGAGgaaaaaaGgaAGaaggaaGAaGggagggaaggGAaaGggagaga	AA?CFFECFFCCFCG>FFFFFFGCFFAF@FG<GEGGGDDGG=FGFDDG8DDGGD@EDGGFDDGBACD	A	37	G	30	60,60,60,60,60,60,60,60,60,60,60,60,60,60,60,60,60,60,60,60,60,60,60,60,60,60,60,60,60,60,60,60,60,60,60,60,60	48,48,48,48,50,53,60,60,60,60,60,60,60,60,60,60,60,60,60,60,60,60,60,60,60,60,60,60,60,60	0.00489
14	107160126	T	35	ccttccCTttCcctctctttTCTTTCTCctCtTCC	CDDDFFFEBDGGDDGCG7ECEGEECDDFHCF?DF?	T	18	C	17	60,60,60,60,60,60,60,60,60,60,60,60,60,60,60,60,60,60	48,48,48,48,50,53,60,60,60,60,60,60,60,60,60,60,60	0.00708
14	107178965	A	137	CAACACAaaCCCAAaCaaCAaCCaaaCACCAAACCAcAaacAccCAaacaaCAacccAaaCaAAcacCAcCcaaCAAaCcCaaAAacacccccCCACcaacaacaaACccACcAcCcaCaACcaACAaCaacaccAa	DCC;>B@EFGGFFFFFFFDEFGGFFFFFGFFFFEFFBFFF@FB>FFDGBFFGFCBBBFGFGGFFCECGFCFCGGGFFC=CFDGFEGAGBBCA;FFDFCGGCGGCGGDFBAEFDECFCGFGEFCGDDEGEFGA@;>B=	A	73	C	64	27,27,27,27,27,38,52,52,55,57,57,57,60,60,60,60,60,60,60,60,60,60,60,60,60,60,60,60,60,60,60,60,60,60,60,60,60,60,60,60,60,60,60,60,60,60,60,60,60,60,60,60,60,60,60,60,60,60,60,60,60,60,60,60,60,60,60,60,60,60,60,60,60	21,27,27,27,27,27,27,27,27,27,27,27,27,27,27,33,33,33,33,39,39,39,40,40,40,40,45,47,49,49,49,49,49,49,49,49,49,49,49,49,49,49,49,49,49,49,51,54,54,57,57,60,60,60,60,60,60,60,60,60,60,60,60,60	0.00000
15	25330550	T	98	AtTtTtatattTTttaTttattttATATaAAtTttTtaAtTaaAaAAaATTATAAAtATATTATTaATtaAAttattTATTTTtAATTATTTTATaAt	@BCDFEFEFEEGGEEDCEEEEEEEGACFGHHFFFFGFGHE;GFHGHHGHFFGDGGGFGFGFFGFFGGFFGGGFFAFFFFFFFFFGFFECFFFCDDAC@	T	58	A	40	52,55,60,60,60,60,60,60,60,60,60,60,60,60,60,60,60,60,60,60,60,60,60,60,60,60,60,60,60,60,60,60,60,60,60,60,60,60,60,60,60,60,60,60,60,60,60,60,60,60,60,60,60,60,60,60,60,60	40,40,40,40,40,40,40,40,45,45,45,47,49,49,49,49,49,54,54,54,60,60,60,60,60,60,60,60,60,60,60,60,60,60,60,60,60,60,60,60	0.00000
15	41865525	G	284	GGGGGGGGGGGGGGgGGgggGGGGGGGGGGGggGgGGgggGgGGGggggggggGggGGgGGGGGGgggGGGgGGGgGGgggggGGGGGggggGGGggGGGGGGgGGGGgGGGgGGGGggggGGGGGGGGggGGGggGggggGGGGgGggggGggGGGGggggGgGGggggGGGggggGGggGggGggGGGggGGGGgTTTTTTTGTTGTTtttgTTgGGgTgtGGGgGGGGGGTgGGTGtggggtGggGGGGgtggggGTTGgGGGgGgTTGggGgggGGgggg	B@@ABA@AADCCEEG@GFFEEFGBGGFGFGGFDGFGFFFFGFGGEFFFFFFFFCGG<GFGGGFDGFFGGGGGGFGGGGGGACGGGFGGGGGDGGGGEFDFGBGGGFDFGGGGFGDGGGD:GFGGG;GGFGGGGGGFGGDGGFGFFGGCGFGFGGFFFFG8GGFGFFGGGGFEFFDGGFEGHFFGFDFFEFGGFFFFGBGFBGG@FG<FFFEDFGFFGFFGFD@FFFGFFFFFFFGEEFFFGGGGFFGGEEEEDFGGDGFEEFGFFFGGEBCCAACB@8BB=?AA	G	257	T	27	60,60,60,60,60,60,60,60,60,60,60,60,60,60,60,60,60,60,60,60,60,60,60,60,60,60,60,60,60,60,60,60,60,60,60,60,60,60,60,60,60,60,60,60,60,60,60,60,60,60,60,60,60,60,60,60,60,60,60,60,60,60,60,60,60,60,60,60,60,60,60,60,60,60,60,60,60,60,60,60,60,60,60,60,60,60,60,60,60,60,60,60,60,60,60,60,60,60,60,60,60,60,60,60,60,60,60,60,60,60,60,60,60,60,60,60,60,60,60,60,60,60,60,60,60,60,60,60,60,60,60,60,60,60,60,60,60,60,60,60,60,60,60,60,60,60,60,60,60,60,60,60,60,60,60,60,60,60,60,60,60,60,60,60,60,60,60,60,60,60,60,60,60,60,60,60,60,60,60,60,60,60,60,60,60,60,60,60,60,60,60,60,60,60,60,60,60,60,60,60,60,60,60,60,60,60,60,60,60,60,60,60,60,60,60,60,60,60,60,60,60,60,60,60,60,60,60,60,60,60,60,60,60,60,60,60,60,60,60,60,60,60,60,60,60,60,60,60,60,60,60,60,60,60,60,60,60	33,39,40,40,52,60,60,60,60,60,60,60,60,60,60,60,60,60,60,60,60,60,60,60,60,60,60	0.00000
16	25137449	A	93	AAAAAtTAtATtTAttATtTTATATTTAAtAATTAaataAAaaAAattaTATtTAaTAttaATAaaaTtaTaaataatttatattatttataa	>;@EFCFFDDFCFFCDFFDFFFFFFCFCCCFFFFEEDEEEEEEFFEEEEEFFDFFEFFEDDFFFEECFDEEEB<EEF<EEE?ECEE;EEEEC?	A	49	T	44	39,40,40,40,40,40,40,40,40,40,44,44,45,45,45,45,45,45,45,45,45,45,45,45,45,45,45,49,49,52,54,60,60,60,60,60,60,60,60,60,60,60,60,60,60,60,60,60,60	45,49,49,49,54,54,60,60,60,60,60,60,60,60,60,60,60,60,60,60,60,60,60,60,60,60,60,60,60,60,60,60,60,60,60,60,60,60,60,60,60,60,60,60	0.00000
17	2996217	C	111	TCcTTCCCCTCCcTCCTTTCtTCTTTcCTcCCTTCCTTTCTtTTtTTCTCtcTcTCTttTtTTCcttctccCtCtccTctctTCTCCCCcTTcCCCCTcCTTTctCCCcct	C9@CDCDEDEDDBFD?FG8DGC7<FEBDG?DC>GDDF>FCCHFFHCFCFBHBFCFCFFHFHFFCBHHBHBCCHCH=BFCHCHECFABBB8FE5BCCBFBBCDC=CAC?>@E	C	56	T	55	50,50,60,60,60,60,60,60,60,60,60,60,60,60,60,60,60,60,60,60,60,60,60,60,60,60,60,60,60,60,60,60,60,60,60,60,60,60,60,60,60,60,60,60,60,60,60,60,60,60,60,60,60,60,60,60	40,49,49,49,49,49,49,49,49,49,49,49,49,49,49,49,49,49,49,49,49,49,52,54,54,54,60,60,60,60,60,60,60,60,60,60,60,60,60,60,60,60,60,60,60,60,60,60,60,60,60,60,60,60,60	0.00000
17	3168978	A	104	AAGAgggagagGGaGaAAAaGaagaagAaAggAGggagaagGgaaagAagggAAGaagaGggaaAaaGggaGaagaaagaagGaggaaggaggaaaAgagaAaG	EC@??A@C@DDACFCFHHHFCE9CDFCGFHC<HCCCFCFECCCFFFCHGDCCHHCFEBGCDDGGHGGCDDGBGEDGBGDG>DBGDDGFDDGDDGEGGDGDFFEC	A	57	G	47	60,60,60,60,60,60,60,60,60,60,60,60,60,60,60,60,60,60,60,60,60,60,60,60,60,60,60,60,60,60,60,60,60,60,60,60,60,60,60,60,60,60,60,60,60,60,60,60,60,60,60,60,60,60,60,60,60	40,49,49,49,49,49,49,49,54,60,60,60,60,60,60,60,60,60,60,60,60,60,60,60,60,60,60,60,60,60,60,60,60,60,60,60,60,60,60,60,60,60,60,60,60,60,60	0.00059
17	3169187	A	25	aAaAAGGAGAGaaGAGgGGAGaAga	FCEEHCCHCECBCBFB@BBGACB?<	A	14	G	11	60,60,60,60,60,60,60,60,60,60,60,60,60,60	49,49,49,49,60,60,60,60,60,60,60	0.01784
17	3169192	G	26	gGgGGCCGCGCggCGCcCCGCgGcgc	CEFCEFGDFEFFGEDFGFFDEGCGGA	G	14	C	12	60,60,60,60,60,60,60,60,60,60,60,60,60,60	49,49,49,49,60,60,60,60,60,60,60,60	0.02372
17	10297658	A	59	aaggagAgAAggGaaAaaaAGAAgAgGAGaAAGAGAAAaaagGGAAaaggGaaaagaGa	?BFEEEHEHIFFCFEHEEFGCHHFGGCHCFH=CHBHHHFFFFBB?GFB?FBFDFCGFBB	A	37	G	22	60,60,60,60,60,60,60,60,60,60,60,60,60,60,60,60,60,60,60,60,60,60,60,60,60,60,60,60,60,60,60,60,60,60,60,60,60	49,49,49,49,60,60,60,60,60,60,60,60,60,60,60,60,60,60,60,60,60,60	0.00816
17	10348354	T	77	CctTcTcCTTttcCCtcTcTccctCttctcttttTttTttcTCCcctTtCTccccCTCCcttCTtCCtCccccCtTT	D??;AEDGEGEEDGGEDGD>ADDEGECDEDEAEEDEEGEDEGFGEEFGFGGEDEECGFFEFBFFEFFFFEDEEEBBC	C	39	T	38	49,49,49,49,49,49,49,49,49,49,49,49,49,49,49,49,49,49,49,49,49,52,60,60,60,60,60,60,60,60,60,60,60,60,60,60,60,60,60	40,49,50,50,50,50,50,50,50,50,50,50,50,50,50,50,50,50,50,52,60,60,60,60,60,60,60,60,60,60,60,60,60,60,60,60,60,60	0.03205
17	10399897	A	210	ggaAGggagagAGAGGGaGGAAgAggagGGaagGAaAggaggGgaGAagagagaAaGAggAgggGAGggggggaaAagAGgagAAGAgggaagggAGgaaGggggGggGaAaagaAAgaggGagaaAGagagAagAgaaaAggaGagggggaaGAgagaGgAGgGGaAGaGaGgaaaAgggaagaaAgggaaagaaaaaggagggaggga	CAC?=?@DA<<A@BDDDGDDDEBECCECE;FFCEEFFCCFCCECFEAFCFCFCFFFEFCCECCCEGEC@CCCCFFFFCDECFC<FEFCCDFF?BCFECGFDDDDDEDCDGEGGDGFDDGDDEGDGGFEGDGCFGDDCGGGFDDGEGDDDDDGGDDCGDGADFEDDDGFEGDGDDD?FECDDGG;GG9D>>GGFDGGGGCDDG?DDDB8?C	G	115	A	95	33,44,44,44,45,45,45,45,45,45,47,47,47,49,49,49,54,60,60,60,60,60,60,60,60,60,60,60,60,60,60,60,60,60,60,60,60,60,60,60,60,60,60,60,60,60,60,60,60,60,60,60,60,60,60,60,60,60,60,60,60,60,60,60,60,60,60,60,60,60,60,60,60,60,60,60,60,60,60,60,60,60,60,60,60,60,60,60,60,60,60,60,60,60,60,60,60,60,60,60,60,60,60,60,60,60,60,60,60,60,60,60,60,60,60	33,47,50,50,54,60,60,60,60,60,60,60,60,60,60,60,60,60,60,60,60,60,60,60,60,60,60,60,60,60,60,60,60,60,60,60,60,60,60,60,60,60,60,60,60,60,60,60,60,60,60,60,60,60,60,60,60,60,60,60,60,60,60,60,60,60,60,60,60,60,60,60,60,60,60,60,60,60,60,60,60,60,60,60,60,60,60,60,60,60,60,60,60,60,60	0.02115
17	21318952	A	305	agAAaGGaaaAaagGaggAaaGAaagggagAagaaAGagagagaggaaaAaggggaAaagagggaaGGGAggGaGggaaaAgAaAggaAagaAgGAAGGGGgGgaaGgggaAGGAAGAAGgGAgAgagaaGgggaagAAagaagGggaAGAGgGgaAGAaAGggGAgaGagaaaaaGgggaagaGGgAaagggGgGaGggGAAagAAAGAgaAaaGggaagggggGagggGggAGagagAGGaaaaAaAAaaAaggaagAagAGGGaagaGAggAGgAGAGaggGgAAgGAGAAgaaaGGGAagg	C?CCB;?FFCHEFDCEFFEFECHFFFB9FFHF7FFECFFFFFFDFFFEEDFFFFCEFF8FFFFFFFCCCHFFCFAFDFEEHCAEHCFEGFF@AFCHECCCCG=FEFCDGFGHBBHHC;HCGBHFHDFGGGCGFGGGFGHGGEDF@GGGEA@CGCGGHCCGHB<GCHDFCGFFFGGG@GG8FGGF9CGHEGGGGAFBGAAGCGGGGGC?BGGGGDGBGCE<GGGGHBEDD<BGGEBGFGFGBBGCF<GCGGGGGGGGGFGGGGFB9BGGGGBGGGGAFGAGBEF7BFEFC@D@EEB?AA=>;B=?<	G	154	A	151	46,46,46,46,46,46,46,46,46,48,48,51,51,51,53,57,58,58,60,60,60,60,60,60,60,60,60,60,60,60,60,60,60,60,60,60,60,60,60,60,60,60,60,60,60,60,60,60,60,60,60,60,60,60,60,60,60,60,60,60,60,60,60,60,60,60,60,60,60,60,60,60,60,60,60,60,60,60,60,60,60,60,60,60,60,60,60,60,60,60,60,60,60,60,60,60,60,60,60,60,60,60,60,60,60,60,60,60,60,60,60,60,60,60,60,60,60,60,60,60,60,60,60,60,60,60,60,60,60,60,60,60,60,60,60,60,60,60,60,60,60,60,60,60,60,60,60,60,60,60,60,60,60,60	57,60,60,60,60,60,60,60,60,60,60,60,60,60,60,60,60,60,60,60,60,60,60,60,60,60,60,60,60,60,60,60,60,60,60,60,60,60,60,60,60,60,60,60,60,60,60,60,60,60,60,60,60,60,60,60,60,60,60,60,60,60,60,60,60,60,60,60,60,60,60,60,60,60,60,60,60,60,60,60,60,60,60,60,60,60,60,60,60,60,60,60,60,60,60,60,60,60,60,60,60,60,60,60,60,60,60,60,60,60,60,60,60,60,60,60,60,60,60,60,60,60,60,60,60,60,60,60,60,60,60,60,60,60,60,60,60,60,60,60,60,60,60,60,60,60,60,60,60,60,60	0.00007
17	39406343	A	130	aAGAaaAaAaaAaAGaAaAAaaaAaGaGGAAAaAGAaGAGGAAAaGGGaGGAAAAGGGGAGaAgGGAAaaAGaaAAGGgGAgAaAGGgGGgAGGAgAAAAaGgGagAGaAGgaGgAaagggGGGGGGGAg	ACEDF6@EFDDFEF>EF>EFDEEFEGEGGFAEAFFAFFEFGEEEFDGGFGFFFFFGD?GEGFEFFFFFFBEF;FEEFEFFEEBCDFFA?FFEFFEFEEEEFFEFFGEFFEFGFFFEB@:FFDC??BCC?C	A	73	G	57	49,49,49,50,50,50,50,50,50,50,50,50,50,50,50,50,50,50,50,50,50,50,50,50,50,50,50,50,50,52,60,60,60,60,60,60,60,60,60,60,60,60,60,60,60,60,60,60,60,60,60,60,60,60,60,60,60,60,60,60,60,60,60,60,60,60,60,60,60,60,60,60,60	24,24,24,24,26,26,31,31,31,31,31,31,36,37,37,37,37,37,37,37,37,37,37,40,42,42,43,43,44,46,47,47,47,49,49,49,49,49,50,60,60,60,60,60,60,60,60,60,60,60,60,60,60,60,60,60,60	0.00000
17	39406419	T	149	CCcTCCTcTTTtCcCtcTCtTCctCcTtttcccCCCCCCCTccCctctTCTtccCtcCTCCTCTTCccttTcCCTTccCCCTCtccTtCCcttCCCTctCtcccCTtCTTctTTTtttTtttTTtttttTttttttttttTttTttTtt	DACAABBBE>FEFCFEDFGEFGDEGDFEEEDDDGFGGGEFFD@FDEDDFGFEDD@EDGCEFFGFFFDDDFDEGFE=DAGFFFGFEEFEDFEFFFFFFEFGFEEEGFFGEEDEFFFFFFFFFEDEFFFFFEFFFFFFFF9FEEEEEF>?=	T	82	C	67	60,60,60,60,60,60,60,60,60,60,60,60,60,60,60,60,60,60,60,60,60,60,60,60,60,60,60,60,60,60,60,60,60,60,60,60,60,60,60,60,60,60,60,60,60,60,60,60,60,60,60,60,60,60,60,60,60,60,60,60,60,60,60,60,60,60,60,60,60,60,60,60,60,60,60,60,60,60,60,60,60,60	22,22,22,24,24,24,24,25,26,26,31,31,31,31,31,31,31,31,36,37,37,37,37,37,37,37,37,37,37,37,38,43,43,43,43,45,47,49,49,57,60,60,60,60,60,60,60,60,60,60,60,60,60,60,60,60,60,60,60,60,60,60,60,60,60,60,60	0.00000
17	39406447	A	125	GAGgaagaAGAAGAGGAaaggGaAAGGaAAAGAgaaGgAAaggAAAGagAgaaaAGgAGGagGGGgggGgggGGgggggGggggggggggGggGggGgaaaagggggggggggagGgaaaaagga	:C<AB<CCD;DDAFCBHCCFFBDHHC<DHHHCHFDDC>HHDEFHHHBDFHFDDDHCFHDCDFCCCFFFCFFFCCGGGGGCGEGGGGGGEGCGGCGFBGEEEEEGGEEGAEGGGEG9GE9DA?B?>	G	79	A	46	60,60,60,60,60,60,60,60,60,60,60,60,60,60,60,60,60,60,60,60,60,60,60,60,60,60,60,60,60,60,60,60,60,60,60,60,60,60,60,60,60,60,60,60,60,60,60,60,60,60,60,60,60,60,60,60,60,60,60,60,60,60,60,60,60,60,60,60,60,60,60,60,60,60,60,60,60,60,60	22,22,22,31,31,31,31,37,37,37,37,37,37,37,37,37,37,37,40,40,40,40,40,40,40,43,43,45,49,57,60,60,60,60,60,60,60,60,60,60,60,60,60,60,60,60	0.00000
17	39406461	C	101	AAACcaaCcAAaccAAACacAcaaaACcACCacCCCcccCcccCCcccccCccccccccccCccCccCccaaaccccccccccacCcaaaaaccaccaccc	<@BDA?C?@?=A>@@??CFDCDDEDEGDEGFEDFGGDDDGDDDFGDDDDDGDCEEDDEEEEGEDGDEGDEFFFEEEEEEEEEEDEGEFFBEFEEEEEC@>=	C	71	A	30	60,60,60,60,60,60,60,60,60,60,60,60,60,60,60,60,60,60,60,60,60,60,60,60,60,60,60,60,60,60,60,60,60,60,60,60,60,60,60,60,60,60,60,60,60,60,60,60,60,60,60,60,60,60,60,60,60,60,60,60,60,60,60,60,60,60,60,60,60,60,60	22,22,22,31,31,37,37,37,37,37,37,37,40,40,40,40,40,40,40,43,49,57,60,60,60,60,60,60,60,60	0.00000
17	39406474	C	69	CcccCcccCCcccccCccccccccccCccCccCccaaaaccccccccccacCcaaaaaccaccacccac	D?@CCEFFGGFFFFFGFFFFFEGFFFGGFGFFDGGGGGGGGGGGGGFFGGGD>FBGGFFGGGFGGGGE@	C	56	A	13	42,60,60,60,60,60,60,60,60,60,60,60,60,60,60,60,60,60,60,60,60,60,60,60,60,60,60,60,60,60,60,60,60,60,60,60,60,60,60,60,60,60,60,60,60,60,60,60,60,60,60,60,60,60,60,60	31,37,37,37,37,37,40,40,40,40,40,40,40	0.00000
17	39406492	T	60	ttttTttttttttttTttTttTttcccctttttttttttctTtcccccttcttctttctt	AAAAABDDDBDDDDDEDDEDD?DDGGGHEDDDDCCCCBEHEF7HHHHHEEGEEHEEEGEE	T	47	C	13	42,42,60,60,60,60,60,60,60,60,60,60,60,60,60,60,60,60,60,60,60,60,60,60,60,60,60,60,60,60,60,60,60,60,60,60,60,60,60,60,60,60,60,60,60,60,60	31,37,37,37,37,37,40,40,40,40,40,40,40	0.00000
17	61611423	T	238	CTTCCCTTCCcCTCTTcTTCtTTTCTttCTTCcCTCCTCTcTcCCccCCCCTctCCcCTTTTTTTCtTCttCCtTCCttCCCCCTtttTCCCTTCTTTTcTCCTTcTTTTTTCTTTTTtcccTTCTccCTTtCcCttTCCCTCCTtTTCccCTTTCtCcctcCTTTTCCCCTTCtttCTCTCccccCCTtTCTccTttTTTTCTcttcctTCTcttTCtttCCTctTTCCCTCTCCct	DBDAB;?CEDDGEGE@DGFGD>GEGG<E89GGDEGFGHGFDGD?EDCGGGGGDEGFCGFFGGGGGG?GGFFGFFGGE?FGGGGGGDF9GGGG:GGF@:FADDGGGEFGGGFFFFEGDFFDEEFFFFEECCFFFEFFFFFFFFFFFFFFFEBFFFEFFF5DED=FFFFF9FFFFFFFFFFFFDEEEEFFFFFFBEEFFFFF@EEDCF?EEEFGFDEDDCBBBACB@ABCAAAA@CCCBC	T	125	C	113	60,60,60,60,60,60,60,60,60,60,60,60,60,60,60,60,60,60,60,60,60,60,60,60,60,60,60,60,60,60,60,60,60,60,60,60,60,60,60,60,60,60,60,60,60,60,60,60,60,60,60,60,60,60,60,60,60,60,60,60,60,60,60,60,60,60,60,60,60,60,60,60,60,60,60,60,60,60,60,60,60,60,60,60,60,60,60,60,60,60,60,60,60,60,60,60,60,60,60,60,60,60,60,60,60,60,60,60,60,60,60,60,60,60,60,60,60,60,60,60,60,60,60,60,60	56,56,57,57,60,60,60,60,60,60,60,60,60,60,60,60,60,60,60,60,60,60,60,60,60,60,60,60,60,60,60,60,60,60,60,60,60,60,60,60,60,60,60,60,60,60,60,60,60,60,60,60,60,60,60,60,60,60,60,60,60,60,60,60,60,60,60,60,60,60,60,60,60,60,60,60,60,60,60,60,60,60,60,60,60,60,60,60,60,60,60,60,60,60,60,60,60,60,60,60,60,60,60,60,60,60,60,60,60,60,60,60,60	0.03427
19	7011826	T	31	cTctTCcCCTTTCCtttcttCTccttttTTt	>GBGFDBDDFGGDDGHHCHCDGCCGAHF;FA	T	19	C	12	60,60,60,60,60,60,60,60,60,60,60,60,60,60,60,60,60,60,60	21,27,39,40,40,40,45,60,60,60,60,60	0.00025
19	7011858	C	30	CCCGGcccgccGCggccccCCcGgcCCCcc	>@ABCFFGFGGBBFFGGGH9CHBGICCCAA	C	22	G	8	47,50,60,60,60,60,60,60,60,60,60,60,60,60,60,60,60,60,60,60,60,60	21,27,27,27,39,40,40,40	0.00000
19	7011860	G	30	GGGCCgggcggCGccggggGGgCcgGGGgg	??AAFEEFFFFGGFFFCFGEFGFGGFAFCA	G	22	C	8	47,50,60,60,60,60,60,60,60,60,60,60,60,60,60,60,60,60,60,60,60,60	21,27,27,27,39,40,40,40	0.00000
19	9193913	A	30	GGaGGgAgAaAgGAgaAGgAaagGggaaaa	AEBGGCFCBFBDFEDGDFDDGGDEDCFBAD	A	15	G	15	60,60,60,60,60,60,60,60,60,60,60,60,60,60,60	40,44,49,49,49,54,54,60,60,60,60,60,60,60,60	0.00328
19	9346427	T	231	TTTCCTttctcTccttctTTCCCcttttTCTTcttTtCTTCtCCctcCTTTcCtttTtcctTtTtCtTTtcccCtcccttcttttCttTtttTtCcccCtctTTCcTtcctctctcCtCCtCCtTTTCtCttcTcTCCTTtcttcttCtCtCccttCCTTCctTCctCTtctCctCCtccTtCtTtcCCTccTctTCtcTtcTcCtTTcTttttCTcCCTCcCTTtcCCTt	BDDBDCACAA?@:<CC<BAB:?>@CCEFCGFGBGAEGFEGGFGGAGBGGGGBGGGGGGBBDGGGGEGGGGBBBDGBBBGGBFGGFGGGGEGGGGGB>BGGBGGEGBGGCAHBHCGBGHGGHG>HGGGGHGHHCFCBGGGFH5EHCHHGHGFABCGGGCGGGCHF;CHDEHCHFBHGFHCCFHFHFGCFFF<CFCE<FG:FHC8BFHFFCEHHHHFFCEEFFCFDGGA>BCA	T	129	C	102	60,60,60,60,60,60,60,60,60,60,60,60,60,60,60,60,60,60,60,60,60,60,60,60,60,60,60,60,60,60,60,60,60,60,60,60,60,60,60,60,60,60,60,60,60,60,60,60,60,60,60,60,60,60,60,60,60,60,60,60,60,60,60,60,60,60,60,60,60,60,60,60,60,60,60,60,60,60,60,60,60,60,60,60,60,60,60,60,60,60,60,60,60,60,60,60,60,60,60,60,60,60,60,60,60,60,60,60,60,60,60,60,60,60,60,60,60,60,60,60,60,60,60,60,60,60,60,60,60	20,21,21,22,27,40,40,40,40,40,40,40,40,40,42,42,42,42,44,44,47,47,49,49,49,49,49,49,49,49,49,53,54,57,60,60,60,60,60,60,60,60,60,60,60,60,60,60,60,60,60,60,60,60,60,60,60,60,60,60,60,60,60,60,60,60,60,60,60,60,60,60,60,60,60,60,60,60,60,60,60,60,60,60,60,60,60,60,60,60,60,60,60,60,60,60,60,60,60,60,60,60	0.00000
19	14963637	G	31	gAggggaggGgAAAaAaaaGAaAAaGaAaaa	BHFFFFDFFCDHHHEHEEECHEGGEBBFEA:	A	20	G	11	40,40,47,47,60,60,60,60,60,60,60,60,60,60,60,60,60,60,60,60	40,40,40,40,50,50,52,60,60,60,60	0.02730
19	14975368	A	80	ggGGCaGgaaAaagaaaAgaggaaggAaaaaaaagGAgagggagaGagaAgAAaggAggaaAaAgagAAaGgaGaGgaAA	CC>;8D=ACFHFFBFFFHCFBCF@CCDFFFFFFFCCHDFCBCFBGCGDGADHHGDDGDDGGGGGDGDGG@BDGAGB=BB<	A	46	G	33	60,60,60,60,60,60,60,60,60,60,60,60,60,60,60,60,60,60,60,60,60,60,60,60,60,60,60,60,60,60,60,60,60,60,60,60,60,60,60,60,60,60,60,60,60,60	47,47,52,52,54,60,60,60,60,60,60,60,60,60,60,60,60,60,60,60,60,60,60,60,60,60,60,60,60,60,60,60,60	0.00700
19	14992042	A	51	aaagggaAAgGGaAgAgGgGgAAAAGGaaGaaGGGGaGaGAGaaAgGGagG	CCBFFCEFFEEEFF@FFFFEFFFFDEEEGDG9DD@DGDBDEDGGEGDDED>	G	27	A	24	39,39,40,40,40,40,40,40,40,40,40,40,40,40,40,46,48,48,59,60,60,60,60,60,60,60,60	48,48,50,50,52,53,55,55,60,60,60,60,60,60,60,60,60,60,60,60,60,60,60,60	0.00019
19	15881953	A	150	aaAAaggaagaagGagaggGAggaAGGggGaaGAaaGgGgggGGagaAgGAGaaaaAGagGGgGgAaAAGGaaagggaaaaAgGGGaGaAAGGAGggggagGGagagAGgaGGGAagggAGGGGAAGAGAGggaGgGAgaGAgGaGAaAA	C>@CBBCCBCEDDCEFEEECGFFEH7CFFCEECHEECECEFECCEFEHECHCE?EEHCFFBCFCFHFHGBBFFFFFF9FFAHG>CBFCFCHCCHCFFFGFFABFFFGGBGFBB@FGEFFBBBBBGGBGBGBGFFBGBGFE@GGAFBFEDA	G	83	A	67	49,51,52,54,54,60,60,60,60,60,60,60,60,60,60,60,60,60,60,60,60,60,60,60,60,60,60,60,60,60,60,60,60,60,60,60,60,60,60,60,60,60,60,60,60,60,60,60,60,60,60,60,60,60,60,60,60,60,60,60,60,60,60,60,60,60,60,60,60,60,60,60,60,60,60,60,60,60,60,60,60,60,60	60,60,60,60,60,60,60,60,60,60,60,60,60,60,60,60,60,60,60,60,60,60,60,60,60,60,60,60,60,60,60,60,60,60,60,60,60,60,60,60,60,60,60,60,60,60,60,60,60,60,60,60,60,60,60,60,60,60,60,60,60,60,60,60,60,60,60	0.04297
19	15918647	G	70	gGGGGGgGGGggGTGTGGGGGgGGTGggGggGTgtgGTTGtgGGGggGTTGGggGTGgTgggggGTGTTg	DCCCCCCDBCCC=GC;CCCCCD:CGCDCCDCCGDBCCGGCHDCCBDD9FF>AEDBFB?FDDDD?@C??@A	G	55	T	15	27,51,51,52,52,54,55,55,55,57,57,57,57,57,57,57,57,57,60,60,60,60,60,60,60,60,60,60,60,60,60,60,60,60,60,60,60,60,60,60,60,60,60,60,60,60,60,60,60,60,60,60,60,60,60	21,27,27,27,40,40,40,40,40,40,40,40,40,47,47	0.00000
19	42213744	T	166	CCtCctcccCtcCtCTCCTtttCTCTTtccTttttCcTcCTccTCcCtctCcTTCcTTcTtCtcCTctCcttttCcCTcccctccTccttTTcTTTTcctTcCcTtttTTtTtTCtcTcTtccTTTtTTtTtctcctcctttcTTtTTTCcTtTCCtccCTtTTTt	?BGGBGB?BFGBGGF;GDFGGGGFGFFGBBFGGGGGBFBGFBAFFBGEBFF8EEFBFFBFGGGBEE;GGBFHGHGBFDC:BBCCCECCHHFFCFEFECCHE?FAEHHHD;HCHFFHCA<EHCCEEDHDEHDI@HCAHACHGGBEEHEDEE9EHEEFHCCEEHFF>>	T	93	C	73	60,60,60,60,60,60,60,60,60,60,60,60,60,60,60,60,60,60,60,60,60,60,60,60,60,60,60,60,60,60,60,60,60,60,60,60,60,60,60,60,60,60,60,60,60,60,60,60,60,60,60,60,60,60,60,60,60,60,60,60,60,60,60,60,60,60,60,60,60,60,60,60,60,60,60,60,60,60,60,60,60,60,60,60,60,60,60,60,60,60,60,60,60	25,31,31,33,40,40,40,40,40,40,40,40,40,40,40,40,40,40,40,40,40,40,40,40,40,40,40,44,44,44,44,44,46,46,46,46,47,47,47,47,47,47,47,48,49,49,49,49,52,52,52,54,54,54,54,55,58,60,60,60,60,60,60,60,60,60,60,60,60,60,60,60,60	0.00000
19	42213772	A	168	AAgAaGagGAgaGgaaaaAaGgGAggggaggAggaaAAgAAAAggaAgGgAaaaAAaAaAGagAgAaggAAAaAAaAagaggaggaaaggAAaAAAGgAaAGGaggGAaAAAaGGGAAAAaaGGGgaGAaGGaGAaAAaagaGGAAgAgggAAaaGAGaaaGgaagag	B@?@?CABD=DDFFEEFDEFGFFEFFFFFFFEFFFFEEFEEEE@FEEDHFEFFFDEGBFEGFEEGE@GFEEDFEDGEGGGGGGFFFGGGCEDFEEEHEE<CHGGEGGDGEDCCFGGD:DDGFFGFHHGD?GGGG>GDDG6FGFGDDGDGGFCCGFGDFGFEHEFDCB?	A	101	G	67	60,60,60,60,60,60,60,60,60,60,60,60,60,60,60,60,60,60,60,60,60,60,60,60,60,60,60,60,60,60,60,60,60,60,60,60,60,60,60,60,60,60,60,60,60,60,60,60,60,60,60,60,60,60,60,60,60,60,60,60,60,60,60,60,60,60,60,60,60,60,60,60,60,60,60,60,60,60,60,60,60,60,60,60,60,60,60,60,60,60,60,60,60,60,60,60,60,60,60,60,60	21,25,25,25,25,27,27,27,31,31,31,31,33,33,40,40,40,40,40,40,40,40,40,40,40,40,40,40,40,40,40,40,40,40,40,40,40,40,40,40,40,43,44,44,44,44,44,44,46,46,46,47,48,49,49,49,49,49,49,49,49,49,49,49,54,54,60	0.00000
19	42213782	T	159	tTtCcCTcccctccTccttTTcTTTTcctTcCcTtttTTttTCtcTcTtccTTTtTTtTtctcctcctttccTTtTTTCcTtTCCtccCTtTTTtCCCTTTTttCCCctCTtCCtCTtTTttctCCTTcTcccTTttCTCtttCcttctcCCctcCctT	A>@@D@?DDDDAEFDFGCDFFGFFFFGGAFGFGBDDDAFDDFDEGFGEDGGFEFDFFDEEHDGHEHHEEEGGFFEFBEFHFEFFGEHHGBEFFFEFGGFFFEEEEEEHDGF=FEEEDEE>EEEE6DEEGEHHHC5ECEDDDDEFHEDCEHEEHEHFB@B	T	93	C	66	60,60,60,60,60,60,60,60,60,60,60,60,60,60,60,60,60,60,60,60,60,60,60,60,60,60,60,60,60,60,60,60,60,60,60,60,60,60,60,60,60,60,60,60,60,60,60,60,60,60,60,60,60,60,60,60,60,60,60,60,60,60,60,60,60,60,60,60,60,60,60,60,60,60,60,60,60,60,60,60,60,60,60,60,60,60,60,60,60,60,60,60,60	21,25,25,25,25,27,27,27,31,31,31,31,33,33,33,40,40,40,40,40,40,40,40,40,40,40,40,40,40,40,40,40,40,40,40,40,40,40,40,40,40,40,40,40,40,40,40,43,44,44,44,44,44,44,46,46,46,47,49,49,49,49,49,49,49,49	0.00000
19	42213868	A	124	gagGgagGgaAAgagaagGGaAggGaagAagGAagagAaAGAaAggGaaGaaGAGgaaGGaAaaagGGAAaagggAGGGAGAgaGAAGAaagAGaAAgggGaagaAaaGaaaaGgaAggAggAA	??BAFFECBFHHFFFEFFCAFHFC<CEFHFFCHDFF=HE?CCFHFGBGGCGGBGCGGGCCGHGGGGCCGHFAFGDHCBCFBGGGCHHBGGGCE?GGGGGGBGGFGGGFBGGGGBFFECDD:BA?	A	67	G	57	60,60,60,60,60,60,60,60,60,60,60,60,60,60,60,60,60,60,60,60,60,60,60,60,60,60,60,60,60,60,60,60,60,60,60,60,60,60,60,60,60,60,60,60,60,60,60,60,60,60,60,60,60,60,60,60,60,60,60,60,60,60,60,60,60,60,60	21,25,25,25,25,25,25,25,25,27,27,27,27,33,33,40,40,40,40,40,40,40,40,40,40,40,40,40,40,40,40,40,40,40,40,40,40,40,40,42,42,44,44,45,47,47,49,49,49,49,49,60,60,60,60,60,60	0.00000
19	42213872	T	122	CctcCctTTctcttcCCtTccttcTtcCTtctcTtTCTtTccCCttCttCTCcttCCtTtttcCCTTttcccTCCCTCTctCTTCTtcTCtTTcccCttctTttCttttCctTccTcTcTtT	BCCADCDGGDEDEEDGGEFDDEEDGEDGGEDEDGEGE=AGEDFEF@GFFGFGEEFGGFFE=FDGGCGFFEEEGGDGGGGECFFGFDEDEFFGCDFFFED?FFFFFFFFEBEFFEDEDD@>;B	T	67	C	55	60,60,60,60,60,60,60,60,60,60,60,60,60,60,60,60,60,60,60,60,60,60,60,60,60,60,60,60,60,60,60,60,60,60,60,60,60,60,60,60,60,60,60,60,60,60,60,60,60,60,60,60,60,60,60,60,60,60,60,60,60,60,60,60,60,60,60	21,25,25,25,25,25,25,25,27,27,27,27,33,33,40,40,40,40,40,40,40,40,40,40,40,40,40,40,40,40,40,40,40,40,40,40,42,42,44,44,47,47,48,49,49,49,49,49,60,60,60,60,60,60,60	0.00000
19	50863023	A	76	AgaGgaaaAAgGGaAaAAAgaGAaGAGAAGgGGAGgAAAgGGAAGAGGGAGGAgAAAAgGGGGAAGAAGAGgGGGG	BAG@CFFE@GCCCFHFHHHCFCHFCG?HHCDCCHBDFGGDBBEFBG<BB?BBGDGGGGDB@BBGD?CC?C><ACA?	G	39	A	37	40,44,44,47,49,49,49,49,49,49,49,49,49,49,49,52,54,57,60,60,60,60,60,60,60,60,60,60,60,60,60,60,60,60,60,60,60,60,60	51,60,60,60,60,60,60,60,60,60,60,60,60,60,60,60,60,60,60,60,60,60,60,60,60,60,60,60,60,60,60,60,60,60,60,60,60	0.00001
19	53345095	G	116	GAgAAGagaAgGgggGGGGagaaAAaagAaaGAAGgggagAgaGgagGAaAAgGAAAGGaGGAgAGGAGGAaGAgGAAggaAgAAAGGGAagAAGGAAAaGGGAgGgAGgagAGGG	:9ACA=CCDCBCCCCCAAAFCCCHHGFCHFFCHGCDCDGDGDGB@GDCHGHHDCHHHCCGBCGD?@B5@CCG@GABG=DEGGDGGGBBBGGDGGBBCGGGBA@FCBCD@@@=AAC?	G	61	A	55	55,55,57,60,60,60,60,60,60,60,60,60,60,60,60,60,60,60,60,60,60,60,60,60,60,60,60,60,60,60,60,60,60,60,60,60,60,60,60,60,60,60,60,60,60,60,60,60,60,60,60,60,60,60,60,60,60,60,60,60,60	27,27,27,27,40,40,42,42,44,54,57,57,60,60,60,60,60,60,60,60,60,60,60,60,60,60,60,60,60,60,60,60,60,60,60,60,60,60,60,60,60,60,60,60,60,60,60,60,60,60,60,60,60,60,60	0.00492
19	53409113	T	46	TCTCCctTCCTCTCTCtCCCttcccccCctcTTtTTctCttCCCcT	@C>EGE;EGGEGEEEGEHGGFEFGGFGGGEFDCEDDGFFFFFFFG?	C	26	T	20	39,39,40,49,49,57,59,59,59,59,59,59,59,59,59,59,59,59,59,60,60,60,60,60,60,60	60,60,60,60,60,60,60,60,60,60,60,60,60,60,60,60,60,60,60,60	0.00000
19	53409135	C	41	TcTTTcctttttTtctCCcCCtcTTccTTTtCtttCcCttt	DAAFFBBGGGGGGHBGGGCDFHC<GCCGEFHFHHGGABC@=	T	25	C	16	39,40,44,49,49,52,52,52,59,59,59,59,59,59,59,59,59,59,59,59,59,59,60,60,60	60,60,60,60,60,60,60,60,60,60,60,60,60,60,60,60	0.00000
19	53418555	A	77	AAAGaaGGAAaaaaAaaaaaaaaAAAAaAgagagaaAAAgaAagaaAaAaAAAaaAAAagaagGgaGAaAAAaaaaa	EBFBFECCFGFFFEHFFFBEEFFHHHHEHFFFFFEFGHHFFHGGGGHFDGHFGGGEHFG=GGDBGCBGGGGGFD@?B	A	64	G	13	22,22,23,23,23,23,23,23,23,23,24,24,25,25,28,31,33,33,37,37,39,39,39,39,40,40,40,40,40,40,40,40,40,40,40,40,40,40,42,44,44,46,47,47,47,47,47,47,47,47,48,48,48,48,48,49,50,50,50,50,50,50,55,60	21,22,22,22,23,24,24,31,40,40,40,40,40	0.00330
19	53418611	A	50	aaAAAaaAAAagaagGgaAaAAAaaaaaaGaGAaaAaAaagagaagaaaa	D:BDFFEEFFFCFFCF@FEFFFFEFFGGGEGEF8GFGFGGDGDGGDGGD;	A	41	G	9	23,24,24,33,33,37,39,39,39,39,40,40,40,40,40,49,50,50,50,50,50,50,50,55,60,60,60,60,60,60,60,60,60,60,60,60,60,60,60,60,60	22,22,22,23,23,33,33,41,42	0.00017
19	53418645	A	35	AaaaaaaGaGAaaAaAaagagaagaaaaaaagaag	CAFEEFFGFGFFFFFGFFCFCFGDGFGGGGFDFFD	A	28	G	7	33,37,39,50,50,55,60,60,60,60,60,60,60,60,60,60,60,60,60,60,60,60,60,60,60,60,60,60	23,33,33,41,42,47,60	0.00059
19	53770261	T	30	TcTTTTTTtTTTtCCTTTtCTtCTCTTTTT	EBE@EADEGEEDHFF<DDFFCHFDECDDBA	T	24	C	6	27,45,50,50,50,50,50,51,52,57,57,57,57,57,57,57,60,60,60,60,60,60,60,60	27,27,27,27,27,40	0.00031
19	53844513	C	35	cctcCctCTttTtTcCTTTctCCcCTTtCctCTTc	C5EBGBGGEFGGGFCAGGGCHGFAFEFHFCGBCB@	T	18	C	17	47,47,47,47,47,50,60,60,60,60,60,60,60,60,60,60,60,60	60,60,60,60,60,60,60,60,60,60,60,60,60,60,60,60,60	0.01090
19	53848779	T	80	cCcTCcTtCCTCtCcTCTCtTCttcttTCcTTcTtCCTTCCTTTttCTtcCTCCtCTTCTTTCCTCTTccCTTttcTctc	AA?=9AGGGDGGGGBGGHHGBGFGB=HGGCFGCEDAGGEGDEEGHHFFH<CFFFHFEFFDFFFFFFFECBFFFHHBD??<	T	43	C	37	51,55,55,55,55,55,55,57,57,57,57,57,60,60,60,60,60,60,60,60,60,60,60,60,60,60,60,60,60,60,60,60,60,60,60,60,60,60,60,60,60,60,60	23,40,40,40,40,40,40,40,40,40,40,40,40,40,40,40,40,44,52,53,54,59,60,60,60,60,60,60,60,60,60,60,60,60,60,60,60	0.00007
19	53848837	C	92	CCTTCCCccTCctTCTTcTCCTCCCTTCTCCttTCCcctCtctCTctttTTtCTCcctCcCcccTtctcctTtcccCccCTTCcCctccCCt	?DDCFGFEEDGFEBGECFEFGE?FGDBGCGGEEEGGFFAGEDFGEGECFEDFGEEGGFFGFGGGDAGFGGF:FFFFFGGFDDFGFFDCCCCA	C	55	T	37	27,31,31,40,40,40,40,40,40,40,40,40,40,40,40,40,40,40,40,40,40,40,40,48,50,53,55,55,55,55,55,55,57,57,57,57,57,60,60,60,60,60,60,60,60,60,60,60,60,60,60,60,60,60,60	23,23,24,40,40,40,40,40,40,40,40,40,40,40,40,40,40,40,40,40,40,40,40,40,40,40,40,40,40,41,43,44,46,46,46,46,46	0.00002
19	53848845	G	94	ggAGgaAGAAgAGGAGGGAAGAGGaaAGGggaGagaGAgaaaAAaGAGggaGgGgggAagaggaAagggGggGAAGgGgaggGGaaAgaaAGGA	=@7ACG;EFECEDEFEEEFDC6EDFFFFFBCFEFCFEEDGGGFFFEFEDDFCCDDDDDGDGDDGEGDDDDDDDEEDCDDECDDDGGDCF@BB??	G	53	A	41	27,31,31,40,40,40,40,40,40,40,40,40,40,40,40,40,40,40,40,40,40,40,40,40,40,40,48,50,53,55,55,55,55,55,57,57,57,60,60,60,60,60,60,60,60,60,60,60,60,60,60,60,60	23,23,24,24,40,40,40,40,40,40,40,40,40,40,40,40,40,40,40,40,40,40,40,40,40,40,40,40,40,40,40,40,40,41,43,44,46,46,46,46,46	0.00012
19	54182249	T	185	ctCTcCCtCTTTTCCtTTCtcCcTCTTTcCCtCcTtTCTTTCTtCtcTTCCTccCCCTCtTCCccCccttCtccTcctTtTTcTCTTtCCcctTTCTCtcTCCCTTCCcCtTTTtcTCTttcTCtTTTCCTCCcccTCCttTtcCtcttctTTcttTtTtccTtcctTTctttcCcTtTtTccTC	CCB:>@CGEDDEEAAGAFGGBGBFGFFFBFBGGBFGEEFFEFFGGFBFCF@FBBGFFF6EEFFCBGCCHHDHCCFCCBFEBFCEG=FHFFCBHEFGFFE@FFFFBFFFCGHDFFHCEGEHHCEFHEEEEFEEECC<EEEHHEHCCHCIIDIEDBGFEHDHCCBHBBGEECHHHCECEHEHDBBCA	T	98	C	87	27,27,33,39,50,55,57,57,57,57,60,60,60,60,60,60,60,60,60,60,60,60,60,60,60,60,60,60,60,60,60,60,60,60,60,60,60,60,60,60,60,60,60,60,60,60,60,60,60,60,60,60,60,60,60,60,60,60,60,60,60,60,60,60,60,60,60,60,60,60,60,60,60,60,60,60,60,60,60,60,60,60,60,60,60,60,60,60,60,60,60,60,60,60,60,60,60,60	21,27,39,39,40,40,40,40,40,40,40,40,40,40,42,44,45,45,45,46,47,49,51,60,60,60,60,60,60,60,60,60,60,60,60,60,60,60,60,60,60,60,60,60,60,60,60,60,60,60,60,60,60,60,60,60,60,60,60,60,60,60,60,60,60,60,60,60,60,60,60,60,60,60,60,60,60,60,60,60,60,60,60,60,60,60,60	0.00293
19	54743004	A	60	tAtatATTtaaaaATaAaTtTattaataaaattatattaatttataAAAattaTTtaTaa	CCCDE;GGGFFFFHGCHFGGGEEFFFFFFFGHGFGFGHGGAHHGEGGGGGGHFFFHGEFD	A	32	T	28	60,60,60,60,60,60,60,60,60,60,60,60,60,60,60,60,60,60,60,60,60,60,60,60,60,60,60,60,60,60,60,60	49,51,53,58,60,60,60,60,60,60,60,60,60,60,60,60,60,60,60,60,60,60,60,60,60,60,60,60	0.02957
20	1553452	G	32	GCCCGGCGcCCCGcgcGCGCGGCCGGgCCGGC	CGGEGGGGEDGGFEGEFFFFFFFFFFGFCFDA	C	17	G	15	27,27,27,27,27,27,27,27,27,27,49,49,49,49,49,49,49	27,27,27,27,27,27,27,27,27,27,27,27,27,27,50	0.04246
20	1592175	T	39	TtTTtTTTTTTTTTTTTTTTTTGGGTTGTGGTTTtTGGG	FGFFHCFFFFFFFEAEEEEEEEED9CEDEDC6EEHEAA?	T	30	G	9	57,60,60,60,60,60,60,60,60,60,60,60,60,60,60,60,60,60,60,60,60,60,60,60,60,60,60,60,60,60	37,37,37,39,39,40,40,40,40	0.00000
20	1592193	C	54	CCcCCCCCCCCCCCCCCCCTTCCTCTCCCcCTTTCTTCCTTcCTCCCcCTTTCC	DGFGGEEDGGGGGGGEEGGEECGCFDA:FGFDDDFDDDFDDGFDECGFBA@>AA	C	39	T	15	60,60,60,60,60,60,60,60,60,60,60,60,60,60,60,60,60,60,60,60,60,60,60,60,60,60,60,60,60,60,60,60,60,60,60,60,60,60,60	37,37,39,39,40,40,40,40,40,42,44,48,49,57,60	0.00000
20	1592343	T	84	TTTTCtCcttcctttcTTtttcCtctctttctTTttcTTTtTtttTTtttTttTTtTtttttTttttttttttttttttttTtt	CBBB=B>C>>CDBDDDFFDDEFDEFEFEDBFEGFDEFGGHEGE:EGGE>EGEEGGFEFFFFFBFEEFFFFFGFFFFEDFEFF;F	T	72	C	12	60,60,60,60,60,60,60,60,60,60,60,60,60,60,60,60,60,60,60,60,60,60,60,60,60,60,60,60,60,60,60,60,60,60,60,60,60,60,60,60,60,60,60,60,60,60,60,60,60,60,60,60,60,60,60,60,60,60,60,60,60,60,60,60,60,60,60,60,60,60,60,60	29,36,37,37,40,40,40,48,48,50,60,60	0.00000
20	1616892	A	298	GAGGgGGaGGaAgGGagAGgAgGgaGAGGGgGGGAAGGAAAGGggGAGGgAGGAGGGAAggaaaaGGGgGGaGGAAGgGGGGGAGgAAaAAGAaggGAAGAGGGGgAAgaggAAGgGgAGaggAGggGGaAAAGGAaAgAGgaAGggggAAGaGAGGgGAGgaaAaGagGAagGgAAAaaaGGAGGGgAaagagAGAGGGgagAAGGAGGAGAggaAGgAAAaAAaggGaaggGggAAAagagGGgGagGGAaAaaAGAAaAGAGAaagaaGAAgggAAgagAGGGgaAAAAGGGGGg	>E9<B<=B==DGGCCFEGCEHECFFCHCCCFCCCHH@CHGHACFFCECCFGB=ACCBFCFFEEFECCCFACFCCHHCGBCCCCHCFFHGHHCGGGGCFH6HCCCBGHDGGGGHG8>CGHCGGGHCGGBCGHHHCCHGHGHB?FGCGGGGGH@G5HBBGBGAGGFFGBGGBGGGBGGGGGGGBBGBBBGDGGGFGGBFBABHHHGGBBGBBGBGG:GGBGEGGGGG>GGBGGGGBEEGGGGEFGBBGBGGBBGGFGGGBGGGGBGBBGGGGEBFGFGEGFGEGFBAAEDEDCC;=AC?D	G	168	A	130	49,52,52,52,52,52,52,52,52,52,53,54,54,54,54,54,54,54,54,54,55,55,60,60,60,60,60,60,60,60,60,60,60,60,60,60,60,60,60,60,60,60,60,60,60,60,60,60,60,60,60,60,60,60,60,60,60,60,60,60,60,60,60,60,60,60,60,60,60,60,60,60,60,60,60,60,60,60,60,60,60,60,60,60,60,60,60,60,60,60,60,60,60,60,60,60,60,60,60,60,60,60,60,60,60,60,60,60,60,60,60,60,60,60,60,60,60,60,60,60,60,60,60,60,60,60,60,60,60,60,60,60,60,60,60,60,60,60,60,60,60,60,60,60,60,60,60,60,60,60,60,60,60,60,60,60,60,60,60,60,60,60,60,60,60,60,60,60	60,60,60,60,60,60,60,60,60,60,60,60,60,60,60,60,60,60,60,60,60,60,60,60,60,60,60,60,60,60,60,60,60,60,60,60,60,60,60,60,60,60,60,60,60,60,60,60,60,60,60,60,60,60,60,60,60,60,60,60,60,60,60,60,60,60,60,60,60,60,60,60,60,60,60,60,60,60,60,60,60,60,60,60,60,60,60,60,60,60,60,60,60,60,60,60,60,60,60,60,60,60,60,60,60,60,60,60,60,60,60,60,60,60,60,60,60,60,60,60,60,60,60,60,60,60,60,60,60,60	0.00002
20	1895842	T	81	TtTTtttTtTtttTttTTTTtTTttttttTtttttTTtttttttttTTtttttttTTtttTTtttttCTCctCCttctctt	DAB@CDDDDFDEDFEEAGAGEHGBEEEEEGDEFFFGG<<EF:FFFFGGFFFFEEEG>FFDFFFFFFFCFCEFCCFFEEDB>	T	74	C	7	60,60,60,60,60,60,60,60,60,60,60,60,60,60,60,60,60,60,60,60,60,60,60,60,60,60,60,60,60,60,60,60,60,60,60,60,60,60,60,60,60,60,60,60,60,60,60,60,60,60,60,60,60,60,60,60,60,60,60,60,60,60,60,60,60,60,60,60,60,60,60,60,60,60	27,33,39,40,40,42,59	0.00000
20	1895889	G	54	ggggGGgggggggGGgggGGgggggCGCcgCCggcgcgggGgccgccgggggGg	A=BA@?CBGGFEEAEEFFEEFEFFFGEFEFGBFGEFEFEFECEDGEEFFGGGDG	G	43	C	11	60,60,60,60,60,60,60,60,60,60,60,60,60,60,60,60,60,60,60,60,60,60,60,60,60,60,60,60,60,60,60,60,60,60,60,60,60,60,60,60,60,60,60	27,33,33,39,39,40,40,42,59,60,60	0.00000
20	55108338	T	25	TTTTTTCCTCTCTCCCTTCtCCTTT	EEEEEDGFEGAFDFDDDDFEDEDDB	T	15	C	10	27,27,27,27,47,50,50,50,50,50,50,60,60,60,60	40,40,40,40,40,40,40,40,40,40	0.04548
21	45978587	A	43	AaGaaAgAGGagGaGaAAGaaAaaggAaGAaGGGgGaAgaAgg	<DGFF6CEHHF<HFCG?EHFFEGGDCEDHEGHGGDGGDDGD?=	A	24	G	19	60,60,60,60,60,60,60,60,60,60,60,60,60,60,60,60,60,60,60,60,60,60,60,60	47,48,49,49,53,59,60,60,60,60,60,60,60,60,60,60,60,60,60	0.00370
21	45978592	T	43	CttTcTCCtcCtCtTTtCttTttccTCTtCCCcCtTctTccct	CGGFBFFFGBGG9FEFGGGGFGGABAFFHFG>>FHE=AEBC>@	T	23	C	20	60,60,60,60,60,60,60,60,60,60,60,60,60,60,60,60,60,60,60,60,60,60,60	47,48,49,49,53,59,60,60,60,60,60,60,60,60,60,60,60,60,60,60	0.00563
22	22735736	A	56	aaAaAaAaagGgaAaaGaaaaGagaAggAagaAgaagaaAaaaaaAaaaaaaAaaa	EGDFEFCFFCECFEFF8FFFF?FCFACDDFCEECGGDDDEGGFGGDGGDDGA?GGG	A	45	G	11	45,60,60,60,60,60,60,60,60,60,60,60,60,60,60,60,60,60,60,60,60,60,60,60,60,60,60,60,60,60,60,60,60,60,60,60,60,60,60,60,60,60,60,60,60	25,27,31,37,39,40,40,40,40,40,40	0.00000
22	36598049	C	104	CcCgCGgCCCGCCGGGGGcGCGGCCcGGGGCcgcgcGggcgCcgCcGcggCcgCcccccGgccCGcGcgccggcggggggCgcGccgGGGccgggcggcgccgc	DABABECDGG9AGFG<GFBGGGFGGBGGGGHBCBCBGCCBCABCGC@BCBD@C?;CCCCFDCCGBCFBD=BAACDDADDDFDCFCCDFFF:CBCDCDCBDCCA=	G	53	C	51	48,48,49,49,49,49,49,49,49,59,60,60,60,60,60,60,60,60,60,60,60,60,60,60,60,60,60,60,60,60,60,60,60,60,60,60,60,60,60,60,60,60,60,60,60,60,60,60,60,60,60,60,60	60,60,60,60,60,60,60,60,60,60,60,60,60,60,60,60,60,60,60,60,60,60,60,60,60,60,60,60,60,60,60,60,60,60,60,60,60,60,60,60,60,60,60,60,60,60,60,60,60,60,60	0.00123
22	36634725	A	132	GaagAAGAAgaaGgAagaGaGaGaAGgAgGgGggGAAGaAgAaAGAAGgGAAAgAAggaagaggaaAaGagggaaggAggGGAAAAAAAaAaAggAaaAgAagGagagAaAAGagaGGAgAagAgAaggAGG	:DDDAFAGHFDFCFHFFFCFCFADFCFIF<CCFFCHHCF<DFFHCHHC8BHCGDHGGGGFGEGGGGHGCGFGDGFGGHFGCCGGGGGGGGFGDGFGEHGGGGGBEGGGFGGGBG@AB>GGGGGFGGA<BC<C	A	73	G	59	52,55,60,60,60,60,60,60,60,60,60,60,60,60,60,60,60,60,60,60,60,60,60,60,60,60,60,60,60,60,60,60,60,60,60,60,60,60,60,60,60,60,60,60,60,60,60,60,60,60,60,60,60,60,60,60,60,60,60,60,60,60,60,60,60,60,60,60,60,60,60,60,60	48,52,52,52,53,54,54,54,54,58,60,60,60,60,60,60,60,60,60,60,60,60,60,60,60,60,60,60,60,60,60,60,60,60,60,60,60,60,60,60,60,60,60,60,60,60,60,60,60,60,60,60,60,60,60,60,60,60,60	0.00476
22	46763671	A	78	gagaagggaaGGAaAaaAaGGAAAAaggggAAAAGAAGAaAAAGaAaAgGGAaGGGaaGaAAaaAgGaGgGAggGaAg	ACCEEFFFFF=CHFHEBHB>CHHHHFFFF8GHHHCGHCGGHHHCGG=HFCCGGBBBGEBDGGGEGGBFB>BGGGBCD@	A	46	G	32	56,56,56,56,56,56,56,56,60,60,60,60,60,60,60,60,60,60,60,60,60,60,60,60,60,60,60,60,60,60,60,60,60,60,60,60,60,60,60,60,60,60,60,60,60,60	60,60,60,60,60,60,60,60,60,60,60,60,60,60,60,60,60,60,60,60,60,60,60,60,60,60,60,60,60,60,60,60	0.01372
Y	3720388	A	29	AaaAAaAAGgAAAAAgaAagGGaAGAaaa	FFEFFFFEDGBFFFADGEGFDDEEDEGGE	A	22	G	7	60,60,60,60,60,60,60,60,60,60,60,60,60,60,60,60,60,60,60,60,60,60	53,54,60,60,60,60,60	0.01265
Y	3720391	A	29	AaaAAaAAGgAAAAAgaAagGGaAGAaaa	CFEDCGEBGGEEBCBEG=GFGGADGDGGE	A	22	G	7	60,60,60,60,60,60,60,60,60,60,60,60,60,60,60,60,60,60,60,60,60,60	53,54,60,60,60,60,60	0.01265
Y	3720392	T	30	TttTTtTTAaTTTTTatTtaAAtTATttta	EEDFGFFFEGGG>GFGF>FFEEBFEFFFFC	T	22	A	8	60,60,60,60,60,60,60,60,60,60,60,60,60,60,60,60,60,60,60,60,60,60	53,54,60,60,60,60,60,60	0.01975
